iso,year,best,defined_conflict,drought,earthquake,maternal_mortality,infant_mortality,neonatal_mortality,under5_mortality
AFG,2000,5065,yes,1,0,1450,90.5,60.9,129.2
AFG,2001,5394,yes,0,1,1390,87.9,59.7,125.2
AFG,2001,5394,yes,0,1,1390,87.9,59.7,125.2
AFG,2002,5553,yes,0,1,1300,85.3,58.5,121.1
AFG,2002,5553,yes,0,1,1300,85.3,58.5,121.1
AFG,2002,5553,yes,0,1,1300,85.3,58.5,121.1
AFG,2003,1157,yes,0,1,1240,82.7,57.2,116.9
AFG,2004,944,yes,0,1,1180,80,55.9,112.6
AFG,2005,817,yes,0,1,1140,77.3,54.6,108.4
AFG,2005,817,yes,0,1,1140,77.3,54.6,108.4
AFG,2006,1711,yes,0,1,1120,74.6,53.2,104.1
AFG,2006,1711,yes,1,0,1120,74.6,53.2,104.1
AFG,2007,4982,yes,NA,NA,1090,71.9,51.7,99.9
AFG,2008,7020,yes,1,0,1030,69.2,50.3,95.7
AFG,2009,5660,yes,0,1,993,66.7,48.9,91.7
AFG,2010,6499,yes,0,1,954,64.2,47.4,87.8
AFG,2011,7151,yes,1,0,905,61.8,46,84
AFG,2012,7563,yes,0,1,858,59.5,44.6,80.3
AFG,2013,7824,yes,0,1,810,57.3,43.2,76.9
AFG,2014,8131,yes,NA,NA,786,55.2,41.9,73.6
AFG,2015,12549,yes,0,1,701,53.2,40.5,70.4
AFG,2015,12549,yes,0,1,701,53.2,40.5,70.4
AFG,2016,17987,yes,NA,NA,673,51.3,39.3,67.5
AFG,2017,18719,yes,NA,NA,638,49.5,38.2,64.8
AFG,2018,19776,yes,1,0,NA,47.9,37.2,62.3
AFG,2019,26889,yes,NA,NA,NA,46.4,36.1,60.1
AGO,2000,2666,yes,NA,NA,827,121.5,50.3,204.4
AGO,2001,1206,yes,1,0,766,118.2,49.2,198.4
AGO,2002,2154,yes,NA,NA,690,114.5,48,191.5
AGO,2003,579,yes,NA,NA,628,110.4,46.5,183.8
AGO,2004,84,yes,1,0,574,105.7,45.1,175.1
AGO,2005,38,yes,NA,NA,519,100.9,43.5,166.1
AGO,2006,15,no,NA,NA,473,95.7,42,156.4
AGO,2007,3,no,NA,NA,431,90.6,40.5,147
AGO,2008,26,yes,NA,NA,395,85.5,39,137.7
AGO,2009,4,no,NA,NA,359,80.6,37.7,128.7
AGO,2010,25,yes,NA,NA,326,75.9,36.3,120.4
AGO,2011,10,no,NA,NA,300,71.5,35.1,112.5
AGO,2012,1,no,1,0,281,67.4,33.8,105.1
AGO,2013,NA,NA,NA,NA,269,63.7,32.7,98.5
AGO,2014,2,no,NA,NA,258,60.5,31.7,92.9
AGO,2015,0,no,NA,NA,251,57.7,30.8,88.1
AGO,2016,1,no,NA,NA,246,55.5,30,84.1
AGO,2017,26,yes,1,0,241,53.5,29.2,80.6
AGO,2018,26,yes,NA,NA,NA,51.7,28.6,77.3
AGO,2019,24,no,NA,NA,NA,49.9,27.9,74.2
ALB,2000,6,no,NA,NA,23,24.1,12.1,27.2
ALB,2001,NA,NA,NA,NA,23,22.9,11.8,25.8
ALB,2002,NA,NA,NA,NA,21,21.7,11.4,24.4
ALB,2003,NA,NA,NA,NA,21,20.4,11.1,23
ALB,2004,NA,NA,NA,NA,18,19.1,10.9,21.5
ALB,2005,NA,NA,NA,NA,22,17.8,10.6,20
ALB,2006,NA,NA,NA,NA,18,16.6,10,18.5
ALB,2007,NA,NA,NA,NA,19,15.3,9.2,17.1
ALB,2008,NA,NA,NA,NA,20,14.1,8.3,15.8
ALB,2009,NA,NA,0,1,20,12.9,7.4,14.5
ALB,2010,NA,NA,NA,NA,21,11.8,6.7,13.3
ALB,2011,NA,NA,NA,NA,22,10.8,6.2,12.1
ALB,2012,NA,NA,NA,NA,17,10,6,11.2
ALB,2013,NA,NA,NA,NA,16,9.3,5.9,10.4
ALB,2014,NA,NA,NA,NA,16,8.8,5.9,9.9
ALB,2015,NA,NA,NA,NA,15,8.5,6,9.6
ALB,2016,NA,NA,NA,NA,16,8.4,6.3,9.4
ALB,2017,NA,NA,NA,NA,15,8.4,6.7,9.4
ALB,2018,NA,NA,NA,NA,NA,8.5,7.1,9.5
ALB,2019,NA,NA,0,1,NA,8.6,7.5,9.7
ALB,2019,NA,NA,0,1,NA,8.6,7.5,9.7
ALB,2019,NA,NA,0,1,NA,8.6,7.5,9.7
AND,2000,NA,NA,NA,NA,NA,7.3,3.8,8.2
AND,2001,NA,NA,NA,NA,NA,6.9,3.6,7.7
AND,2002,NA,NA,NA,NA,NA,6.5,3.3,7.3
AND,2003,NA,NA,NA,NA,NA,6.2,3.2,6.9
AND,2004,NA,NA,NA,NA,NA,5.9,3,6.5
AND,2005,NA,NA,NA,NA,NA,5.6,2.9,6.1
AND,2006,NA,NA,NA,NA,NA,5.3,2.7,5.8
AND,2007,NA,NA,NA,NA,NA,5,2.6,5.4
AND,2008,NA,NA,NA,NA,NA,4.7,2.5,5.1
AND,2009,NA,NA,NA,NA,NA,4.4,2.3,4.8
AND,2010,NA,NA,NA,NA,NA,4.1,2.2,4.5
AND,2011,NA,NA,NA,NA,NA,3.9,2.1,4.2
AND,2012,NA,NA,NA,NA,NA,3.7,2,4
AND,2013,NA,NA,NA,NA,NA,3.5,1.9,3.8
AND,2014,NA,NA,NA,NA,NA,3.3,1.8,3.5
AND,2015,NA,NA,NA,NA,NA,3.1,1.7,3.3
AND,2016,NA,NA,NA,NA,NA,2.9,1.6,3.2
AND,2017,NA,NA,NA,NA,NA,2.8,1.5,3
AND,2018,NA,NA,NA,NA,NA,2.6,1.4,2.8
AND,2019,NA,NA,NA,NA,NA,2.5,1.4,2.7
ARE,2000,NA,NA,NA,NA,6,9.6,5.9,11.1
ARE,2001,NA,NA,NA,NA,6,9.3,5.7,10.9
ARE,2002,NA,NA,NA,NA,5,9.1,5.6,10.6
ARE,2003,NA,NA,NA,NA,5,8.9,5.5,10.3
ARE,2004,NA,NA,NA,NA,5,8.6,5.3,10.1
ARE,2005,NA,NA,NA,NA,5,8.4,5.2,9.8
ARE,2006,NA,NA,NA,NA,4,8.2,5.1,9.6
ARE,2007,NA,NA,NA,NA,4,8.1,5,9.4
ARE,2008,NA,NA,NA,NA,4,7.9,4.9,9.2
ARE,2009,NA,NA,NA,NA,4,7.6,4.8,8.9
ARE,2010,NA,NA,NA,NA,4,7.4,4.6,8.7
ARE,2011,1,no,NA,NA,4,7.2,4.5,8.4
ARE,2012,NA,NA,NA,NA,4,7,4.4,8.2
ARE,2013,NA,NA,NA,NA,3,6.8,4.3,8
ARE,2014,NA,NA,NA,NA,3,6.7,4.2,7.8
ARE,2015,NA,NA,NA,NA,3,6.5,4.1,7.6
ARE,2016,NA,NA,NA,NA,3,6.3,4,7.4
ARE,2017,NA,NA,NA,NA,3,6.2,3.9,7.2
ARE,2018,NA,NA,NA,NA,NA,6,3.8,7
ARE,2019,NA,NA,NA,NA,NA,5.8,3.7,6.8
ARG,2000,NA,NA,NA,NA,66,17.5,11,19.6
ARG,2001,NA,NA,NA,NA,67,16.9,11,18.9
ARG,2002,NA,NA,0,1,65,16.4,10.8,18.3
ARG,2003,NA,NA,1,0,65,15.8,10.3,17.7
ARG,2004,NA,NA,NA,NA,61,15.3,9.7,17.1
ARG,2005,NA,NA,NA,NA,59,14.8,9.1,16.5
ARG,2006,NA,NA,NA,NA,57,14.4,8.7,16.1
ARG,2007,NA,NA,NA,NA,56,14,8.4,15.7
ARG,2008,NA,NA,NA,NA,53,13.7,8.1,15.3
ARG,2009,NA,NA,1,0,56,13.3,7.8,14.9
ARG,2010,NA,NA,NA,NA,51,12.9,7.6,14.5
ARG,2011,NA,NA,NA,NA,48,12.4,7.5,13.9
ARG,2012,NA,NA,NA,NA,47,11.9,7.6,13.3
ARG,2013,NA,NA,NA,NA,44,11.3,7.4,12.7
ARG,2014,NA,NA,NA,NA,42,10.8,6.9,12.1
ARG,2015,NA,NA,NA,NA,41,10.2,6.5,11.5
ARG,2016,NA,NA,NA,NA,40,9.7,6.4,10.9
ARG,2017,NA,NA,NA,NA,39,9.2,6.3,10.3
ARG,2018,NA,NA,1,0,NA,8.6,6,9.7
ARG,2019,NA,NA,1,0,NA,8.1,5.3,9.1
ARM,2000,NA,NA,1,0,43,27,16.1,30.6
ARM,2001,NA,NA,NA,NA,42,25.7,15.3,29.1
ARM,2002,NA,NA,NA,NA,39,24.5,14.5,27.7
ARM,2003,NA,NA,NA,NA,38,23.3,13.8,26.3
ARM,2004,NA,NA,NA,NA,36,22.2,13.1,25
ARM,2005,NA,NA,NA,NA,35,21.1,12.5,23.7
ARM,2006,1,no,NA,NA,36,20,11.9,22.5
ARM,2007,2,no,NA,NA,32,19,11.3,21.4
ARM,2008,NA,NA,NA,NA,36,18.1,10.7,20.3
ARM,2009,NA,NA,NA,NA,32,17.2,10.1,19.2
ARM,2010,NA,NA,NA,NA,32,16.3,9.6,18.3
ARM,2011,NA,NA,NA,NA,30,15.5,9.1,17.3
ARM,2012,NA,NA,NA,NA,30,14.7,8.7,16.4
ARM,2013,9,no,NA,NA,26,14,8.2,15.6
ARM,2014,1,no,NA,NA,27,13.3,7.8,14.8
ARM,2015,NA,NA,NA,NA,28,12.6,7.4,14.1
ARM,2016,16,no,NA,NA,26,12,7,13.4
ARM,2017,4,no,NA,NA,26,11.3,6.7,12.7
ARM,2018,NA,NA,NA,NA,NA,10.8,6.4,12.1
ARM,2019,1,no,NA,NA,NA,10.2,6,11.5
ATG,2000,NA,NA,NA,NA,44,12.6,9.7,15.5
ATG,2001,NA,NA,NA,NA,44,12.3,9.5,15.1
ATG,2002,NA,NA,NA,NA,43,11.9,9.3,14.6
ATG,2003,NA,NA,NA,NA,44,11.5,8.9,14.1
ATG,2004,NA,NA,NA,NA,41,11,8.6,13.5
ATG,2005,NA,NA,NA,NA,40,10.6,8.2,12.9
ATG,2006,NA,NA,NA,NA,46,10.1,7.7,12.3
ATG,2007,NA,NA,NA,NA,48,9.6,7.3,11.7
ATG,2008,NA,NA,NA,NA,50,9.2,6.8,11.1
ATG,2009,NA,NA,NA,NA,45,8.7,6.3,10.6
ATG,2010,NA,NA,NA,NA,44,8.3,5.8,10
ATG,2011,NA,NA,NA,NA,43,7.9,5.4,9.5
ATG,2012,NA,NA,NA,NA,44,7.5,5.1,9
ATG,2013,NA,NA,NA,NA,43,7.1,4.7,8.5
ATG,2014,NA,NA,NA,NA,42,6.8,4.5,8.1
ATG,2015,NA,NA,NA,NA,43,6.5,4.2,7.8
ATG,2016,NA,NA,NA,NA,43,6.2,4.1,7.4
ATG,2017,NA,NA,NA,NA,42,6,3.9,7.1
ATG,2018,NA,NA,NA,NA,NA,5.8,3.8,6.9
ATG,2019,NA,NA,NA,NA,NA,5.6,3.6,6.6
AUS,2000,NA,NA,NA,NA,7,5.1,3.5,6.2
AUS,2001,NA,NA,NA,NA,6,5,3.5,6.1
AUS,2002,NA,NA,1,0,6,5,3.4,6
AUS,2003,NA,NA,NA,NA,6,4.9,3.4,5.9
AUS,2004,NA,NA,NA,NA,5,4.8,3.3,5.8
AUS,2005,NA,NA,NA,NA,5,4.8,3.2,5.7
AUS,2006,NA,NA,1,0,5,4.7,3.1,5.6
AUS,2007,NA,NA,NA,NA,5,4.5,3,5.4
AUS,2008,NA,NA,NA,NA,5,4.4,2.9,5.2
AUS,2009,NA,NA,NA,NA,5,4.2,2.8,5
AUS,2010,NA,NA,NA,NA,5,4,2.7,4.8
AUS,2011,NA,NA,NA,NA,6,3.8,2.6,4.5
AUS,2012,NA,NA,NA,NA,6,3.6,2.5,4.3
AUS,2013,NA,NA,NA,NA,6,3.5,2.4,4.1
AUS,2014,NA,NA,NA,NA,6,3.4,2.4,4
AUS,2015,NA,NA,NA,NA,6,3.3,2.3,3.9
AUS,2016,NA,NA,NA,NA,6,3.2,2.3,3.8
AUS,2017,NA,NA,NA,NA,6,3.2,2.3,3.8
AUS,2018,NA,NA,1,0,NA,3.2,2.3,3.7
AUS,2019,2,no,NA,NA,NA,3.2,2.4,3.7
AUT,2000,NA,NA,NA,NA,6,4.6,3.1,5.5
AUT,2001,NA,NA,NA,NA,6,4.5,3.1,5.4
AUT,2002,NA,NA,NA,NA,6,4.4,3.1,5.3
AUT,2003,NA,NA,NA,NA,6,4.3,3,5.2
AUT,2004,NA,NA,NA,NA,5,4.2,2.9,5.1
AUT,2005,NA,NA,NA,NA,6,4.1,2.8,4.9
AUT,2006,NA,NA,NA,NA,5,3.9,2.8,4.7
AUT,2007,NA,NA,NA,NA,5,3.8,2.7,4.6
AUT,2008,NA,NA,NA,NA,5,3.8,2.6,4.5
AUT,2009,NA,NA,NA,NA,5,3.7,2.6,4.5
AUT,2010,NA,NA,NA,NA,5,3.6,2.5,4.3
AUT,2011,NA,NA,NA,NA,5,3.5,2.4,4.2
AUT,2012,NA,NA,NA,NA,5,3.3,2.4,4
AUT,2013,NA,NA,NA,NA,5,3.2,2.3,3.9
AUT,2014,NA,NA,NA,NA,5,3.1,2.3,3.8
AUT,2015,NA,NA,NA,NA,5,3,2.2,3.7
AUT,2016,NA,NA,NA,NA,5,3,2.2,3.6
AUT,2017,NA,NA,NA,NA,5,2.9,2.2,3.6
AUT,2018,NA,NA,NA,NA,NA,2.9,2.2,3.6
AUT,2019,NA,NA,NA,NA,NA,2.9,2.3,3.6
AZE,2000,18,no,0,1,47,60.9,34.3,74.4
AZE,2000,18,no,1,0,47,60.9,34.3,74.4
AZE,2001,13,no,NA,NA,44,57.2,32.8,69.3
AZE,2002,6,no,NA,NA,43,53.5,31.3,64.3
AZE,2003,NA,NA,NA,NA,44,50.1,29.8,59.7
AZE,2004,NA,NA,NA,NA,39,47,28.3,55.6
AZE,2005,8,no,NA,NA,42,44.1,26.8,51.9
AZE,2006,24,no,NA,NA,35,41.5,25.5,48.6
AZE,2007,5,no,NA,NA,34,39.1,24.1,45.5
AZE,2008,12,no,NA,NA,32,36.8,22.8,42.7
AZE,2009,30,yes,NA,NA,32,34.7,21.6,39.9
AZE,2010,7,no,NA,NA,31,32.5,20.3,37.3
AZE,2011,20,no,NA,NA,30,30.5,18.8,34.9
AZE,2012,21,no,0,1,29,28.5,17.3,32.5
AZE,2012,21,no,0,1,29,28.5,17.3,32.5
AZE,2013,16,no,NA,NA,28,26.7,16,30.3
AZE,2014,11,no,NA,NA,28,24.9,14.7,28.2
AZE,2015,46,yes,NA,NA,27,23.3,13.5,26.3
AZE,2016,63,yes,NA,NA,26,21.8,12.5,24.5
AZE,2017,137,yes,NA,NA,26,20.3,11.7,22.8
AZE,2018,36,yes,NA,NA,NA,19.2,10.9,21.5
AZE,2019,16,no,NA,NA,NA,18.2,10.4,20.4
BDI,2000,1009,yes,NA,NA,1010,94.7,36.6,154.5
BDI,2001,2071,yes,NA,NA,956,91.9,36,149.4
BDI,2002,1253,yes,NA,NA,925,88.9,35.4,143.8
BDI,2003,1576,yes,1,0,890,85.7,34.8,138.1
BDI,2004,1245,yes,0,1,844,82.3,34.1,131.9
BDI,2005,679,yes,1,0,814,78.4,33.2,124.9
BDI,2006,378,yes,NA,NA,785,74.4,32.3,117.6
BDI,2007,185,yes,NA,NA,756,70.4,31.3,110.5
BDI,2008,79,yes,1,0,733,66.5,30.2,103.6
BDI,2009,220,yes,1,0,698,62.9,29.2,97.1
BDI,2010,NA,NA,1,0,665,59.4,28.2,91
BDI,2011,NA,NA,NA,NA,635,56.3,27.1,85.5
BDI,2012,1,no,NA,NA,608,53.4,26.1,80.3
BDI,2013,9,no,NA,NA,591,50.7,25.2,75.5
BDI,2014,9,no,NA,NA,576,48.2,24.4,71.3
BDI,2015,70,yes,NA,NA,568,46.2,23.6,67.6
BDI,2016,260,yes,NA,NA,558,44.4,23,64.4
BDI,2017,81,yes,NA,NA,548,42.7,22.4,61.5
BDI,2018,43,yes,NA,NA,NA,41.3,21.8,59
BDI,2019,113,yes,NA,NA,NA,39.9,21.3,56.6
BEL,2000,NA,NA,NA,NA,8,4.8,3,5.8
BEL,2001,NA,NA,NA,NA,8,4.6,2.8,5.6
BEL,2002,NA,NA,NA,NA,7,4.4,2.8,5.4
BEL,2003,NA,NA,NA,NA,7,4.3,2.7,5.2
BEL,2004,NA,NA,NA,NA,7,4.2,2.7,5.1
BEL,2005,NA,NA,NA,NA,7,4,2.6,4.9
BEL,2006,NA,NA,NA,NA,7,4,2.6,4.8
BEL,2007,NA,NA,NA,NA,7,3.9,2.5,4.7
BEL,2008,NA,NA,NA,NA,7,3.8,2.5,4.6
BEL,2009,NA,NA,NA,NA,6,3.7,2.4,4.5
BEL,2010,NA,NA,NA,NA,6,3.6,2.3,4.4
BEL,2011,NA,NA,NA,NA,6,3.6,2.3,4.4
BEL,2012,NA,NA,NA,NA,6,3.5,2.3,4.3
BEL,2013,NA,NA,NA,NA,6,3.4,2.3,4.2
BEL,2014,NA,NA,NA,NA,6,3.3,2.3,4.1
BEL,2015,NA,NA,NA,NA,5,3.3,2.3,4.1
BEL,2016,NA,NA,NA,NA,5,3.3,2.3,4.1
BEL,2017,34,yes,NA,NA,5,3.3,2.3,4.1
BEL,2018,NA,NA,NA,NA,NA,3.4,2.4,4.2
BEL,2019,4,no,NA,NA,NA,3.4,2.4,4.2
BEN,2000,NA,NA,NA,NA,520,85,39,136.8
BEN,2001,NA,NA,NA,NA,516,83.3,38.3,133.7
BEN,2002,NA,NA,NA,NA,511,81.5,37.6,130.5
BEN,2003,NA,NA,NA,NA,510,79.8,36.8,127.4
BEN,2004,NA,NA,NA,NA,505,78.2,36.2,124.4
BEN,2005,NA,NA,NA,NA,500,76.5,35.8,121.5
BEN,2006,NA,NA,NA,NA,493,75,35.3,118.8
BEN,2007,NA,NA,NA,NA,486,73.6,35,116.2
BEN,2008,NA,NA,NA,NA,480,72.2,34.6,113.7
BEN,2009,NA,NA,NA,NA,471,70.9,34.3,111.3
BEN,2010,NA,NA,NA,NA,464,69.6,33.9,109
BEN,2011,NA,NA,NA,NA,458,68.3,33.5,106.7
BEN,2012,NA,NA,NA,NA,450,67,33.1,104.4
BEN,2013,NA,NA,NA,NA,441,65.7,32.7,102.1
BEN,2014,NA,NA,NA,NA,432,64.4,32.3,99.8
BEN,2015,NA,NA,NA,NA,421,63.2,31.9,97.6
BEN,2016,NA,NA,NA,NA,408,61.9,31.5,95.4
BEN,2017,NA,NA,NA,NA,397,60.6,31.1,93.2
BEN,2018,NA,NA,NA,NA,NA,59.3,30.6,90.9
BEN,2019,NA,NA,NA,NA,NA,57.9,30.2,88.4
BFA,2000,NA,NA,NA,NA,516,90.9,40.7,178.9
BFA,2001,NA,NA,1,0,501,89.3,39.9,174.9
BFA,2002,NA,NA,NA,NA,486,87.6,39.2,170.4
BFA,2003,NA,NA,NA,NA,471,85.5,38.3,165.3
BFA,2004,NA,NA,NA,NA,454,83.3,37.2,159.5
BFA,2005,NA,NA,NA,NA,437,80.8,36,153.1
BFA,2006,NA,NA,NA,NA,422,78.1,34.8,146.3
BFA,2007,NA,NA,NA,NA,410,75.4,33.7,139.5
BFA,2008,NA,NA,NA,NA,401,72.7,32.7,132.9
BFA,2009,NA,NA,NA,NA,393,70.3,31.9,126.9
BFA,2010,NA,NA,NA,NA,385,68.1,31.2,121.5
BFA,2011,NA,NA,1,0,377,66.3,30.5,116.9
BFA,2012,NA,NA,NA,NA,369,64.4,29.9,112.5
BFA,2013,NA,NA,NA,NA,362,62.7,29.3,108.3
BFA,2014,NA,NA,1,0,353,61.2,28.8,104.5
BFA,2015,NA,NA,NA,NA,343,59.6,28.2,100.9
BFA,2016,NA,NA,NA,NA,331,58.2,27.7,97.5
BFA,2017,26,yes,NA,NA,320,56.7,27.3,94.1
BFA,2018,54,yes,NA,NA,NA,55.4,26.7,90.8
BFA,2019,195,yes,NA,NA,NA,54.1,26.2,87.8
BGD,2000,14,no,0,1,434,63.1,44,86
BGD,2001,105,yes,NA,NA,423,60,42.2,81.1
BGD,2002,62,yes,NA,NA,410,57,40.4,76.5
BGD,2003,6,no,0,1,395,54.3,38.8,72.3
BGD,2004,8,no,0,1,372,51.8,37.3,68.3
BGD,2005,51,yes,NA,NA,343,49.4,35.9,64.6
BGD,2006,80,yes,NA,NA,315,47,34.5,61
BGD,2007,96,yes,NA,NA,297,44.8,33.1,57.8
BGD,2008,18,no,NA,NA,280,42.7,31.8,54.7
BGD,2009,13,no,1,0,269,40.7,30.6,51.8
BGD,2010,10,no,NA,NA,258,38.9,29.4,49.1
BGD,2011,5,no,NA,NA,248,37.2,28.2,46.7
BGD,2012,0,no,NA,NA,238,35.6,27.1,44.4
BGD,2013,2,no,NA,NA,227,34,25.9,42.2
BGD,2014,54,yes,NA,NA,214,32.5,24.8,40.1
BGD,2015,2,no,0,1,200,31,23.6,38.1
BGD,2016,10,no,0,1,186,29.6,22.4,36.1
BGD,2017,73,yes,NA,NA,173,28.2,20.9,34.2
BGD,2018,48,yes,NA,NA,NA,26.8,19.7,32.4
BGD,2019,28,yes,NA,NA,NA,25.5,18.5,30.7
BGR,2000,NA,NA,1,0,19,14.4,7.9,17.5
BGR,2001,NA,NA,NA,NA,18,13.8,7.6,16.7
BGR,2002,NA,NA,NA,NA,17,13.2,7.3,15.9
BGR,2003,NA,NA,NA,NA,16,12.5,6.9,15.1
BGR,2004,NA,NA,NA,NA,16,11.8,6.4,14.2
BGR,2005,NA,NA,NA,NA,15,11,6,13.3
BGR,2006,NA,NA,0,1,14,10.3,5.6,12.4
BGR,2007,NA,NA,NA,NA,13,9.9,5.3,11.8
BGR,2008,NA,NA,NA,NA,13,9.5,5.2,11.4
BGR,2009,NA,NA,NA,NA,12,9.3,5.2,11.1
BGR,2010,NA,NA,NA,NA,12,9,5.1,10.8
BGR,2011,NA,NA,NA,NA,12,8.7,5,10.4
BGR,2012,NA,NA,0,1,11,8.2,4.8,9.8
BGR,2013,NA,NA,NA,NA,10,7.8,4.5,9.3
BGR,2014,NA,NA,NA,NA,11,7.3,4.3,8.7
BGR,2015,NA,NA,NA,NA,10,6.9,4.1,8.2
BGR,2016,NA,NA,NA,NA,10,6.5,3.9,7.7
BGR,2017,NA,NA,NA,NA,10,6.1,3.7,7.3
BGR,2018,NA,NA,NA,NA,NA,5.8,3.4,7
BGR,2019,NA,NA,NA,NA,NA,5.5,3.2,6.6
BHR,2000,NA,NA,NA,NA,27,10.7,4.7,12.5
BHR,2001,NA,NA,NA,NA,19,10.3,4.4,12
BHR,2002,NA,NA,NA,NA,25,10,4.1,11.6
BHR,2003,NA,NA,NA,NA,21,9.7,3.9,11.3
BHR,2004,NA,NA,NA,NA,21,9.4,3.7,11
BHR,2005,NA,NA,NA,NA,19,9.1,3.6,10.6
BHR,2006,NA,NA,NA,NA,24,8.8,3.4,10.2
BHR,2007,NA,NA,NA,NA,16,8.4,3.3,9.8
BHR,2008,NA,NA,NA,NA,18,8,3.2,9.3
BHR,2009,NA,NA,NA,NA,19,7.6,3.2,8.9
BHR,2010,NA,NA,NA,NA,18,7.3,3.2,8.5
BHR,2011,NA,NA,NA,NA,15,7,3.2,8.2
BHR,2012,26,yes,NA,NA,18,6.8,3.2,8
BHR,2013,NA,NA,NA,NA,17,6.7,3.2,7.8
BHR,2014,NA,NA,NA,NA,15,6.6,3.2,7.7
BHR,2015,NA,NA,NA,NA,15,6.5,3.2,7.6
BHR,2016,NA,NA,NA,NA,15,6.4,3.2,7.5
BHR,2017,NA,NA,NA,NA,14,6.3,3.1,7.3
BHR,2018,NA,NA,NA,NA,NA,6.1,3.1,7.1
BHR,2019,NA,NA,NA,NA,NA,5.9,3,7
BHS,2000,NA,NA,NA,NA,75,13.9,8,16.3
BHS,2001,NA,NA,NA,NA,76,14,8.2,16.4
BHS,2002,NA,NA,NA,NA,78,14.1,8.3,16.5
BHS,2003,NA,NA,NA,NA,79,14.3,8.5,16.7
BHS,2004,NA,NA,NA,NA,78,14.4,8.6,16.8
BHS,2005,NA,NA,NA,NA,77,14.4,8.7,16.8
BHS,2006,NA,NA,NA,NA,78,14.3,8.7,16.7
BHS,2007,NA,NA,NA,NA,77,14.1,8.6,16.5
BHS,2008,NA,NA,NA,NA,77,13.9,8.5,16.2
BHS,2009,NA,NA,NA,NA,78,13.6,8.3,15.9
BHS,2010,NA,NA,NA,NA,78,13.3,8.1,15.6
BHS,2011,NA,NA,NA,NA,78,13,7.9,15.2
BHS,2012,NA,NA,NA,NA,78,12.8,7.8,14.9
BHS,2013,NA,NA,NA,NA,78,12.5,7.7,14.6
BHS,2014,NA,NA,NA,NA,77,12.2,7.5,14.3
BHS,2015,NA,NA,NA,NA,74,12,7.4,14
BHS,2016,NA,NA,NA,NA,72,11.7,7.3,13.7
BHS,2017,NA,NA,NA,NA,70,11.4,7.2,13.3
BHS,2018,NA,NA,NA,NA,NA,11.2,7,13
BHS,2019,NA,NA,NA,NA,NA,14.5,6.9,22.4
BIH,2000,NA,NA,1,0,17,8.7,6.9,9.9
BIH,2001,NA,NA,NA,NA,16,8.4,6.5,9.6
BIH,2002,NA,NA,NA,NA,14,8.2,6.2,9.3
BIH,2003,NA,NA,1,0,14,8.1,5.9,9.2
BIH,2004,NA,NA,NA,NA,14,7.9,5.7,9.1
BIH,2005,NA,NA,NA,NA,13,7.8,5.5,8.9
BIH,2006,NA,NA,NA,NA,13,7.5,5.4,8.6
BIH,2007,NA,NA,NA,NA,13,7.2,5.3,8.3
BIH,2008,NA,NA,NA,NA,11,6.9,5.3,7.9
BIH,2009,NA,NA,NA,NA,11,6.6,5.2,7.5
BIH,2010,NA,NA,NA,NA,11,6.3,5.1,7.2
BIH,2011,NA,NA,NA,NA,10,6,5,6.9
BIH,2012,NA,NA,NA,NA,10,5.8,4.9,6.7
BIH,2013,NA,NA,NA,NA,10,5.6,4.8,6.5
BIH,2014,NA,NA,NA,NA,10,5.5,4.7,6.4
BIH,2015,NA,NA,NA,NA,10,5.4,4.6,6.3
BIH,2016,NA,NA,NA,NA,10,5.3,4.5,6.2
BIH,2017,NA,NA,NA,NA,10,5.3,4.4,6.1
BIH,2018,NA,NA,NA,NA,NA,5.2,4.3,6
BIH,2019,NA,NA,NA,NA,NA,5.1,4.2,5.9
BLR,2000,NA,NA,NA,NA,22,9.9,6,12.7
BLR,2001,NA,NA,NA,NA,19,9.2,5.5,11.8
BLR,2002,NA,NA,NA,NA,18,8.5,5,10.9
BLR,2003,NA,NA,NA,NA,15,7.8,4.5,10.1
BLR,2004,NA,NA,NA,NA,13,7.3,4,9.4
BLR,2005,NA,NA,NA,NA,11,6.7,3.5,8.7
BLR,2006,NA,NA,NA,NA,9,6.2,3,8
BLR,2007,NA,NA,NA,NA,7,5.6,2.6,7.3
BLR,2008,NA,NA,NA,NA,6,5.1,2.2,6.6
BLR,2009,NA,NA,NA,NA,6,4.6,2,6.1
BLR,2010,NA,NA,NA,NA,5,4.3,1.8,5.6
BLR,2011,NA,NA,NA,NA,5,3.9,1.7,5.2
BLR,2012,NA,NA,NA,NA,4,3.7,1.7,4.9
BLR,2013,NA,NA,NA,NA,3,3.5,1.7,4.6
BLR,2014,NA,NA,NA,NA,3,3.3,1.6,4.3
BLR,2015,NA,NA,NA,NA,3,3.1,1.6,4.1
BLR,2016,NA,NA,NA,NA,3,2.9,1.5,3.9
BLR,2017,NA,NA,NA,NA,2,2.7,1.4,3.6
BLR,2018,NA,NA,NA,NA,NA,2.5,1.2,3.4
BLR,2019,NA,NA,NA,NA,NA,2.4,1.1,3.1
BLZ,2000,NA,NA,NA,NA,89,20,12,23.6
BLZ,2001,NA,NA,NA,NA,88,19.4,11.6,22.8
BLZ,2002,NA,NA,NA,NA,82,18.9,11.1,22.2
BLZ,2003,NA,NA,NA,NA,80,18.5,10.6,21.7
BLZ,2004,NA,NA,NA,NA,75,18.2,10,21.3
BLZ,2005,NA,NA,NA,NA,70,17.9,9.4,20.9
BLZ,2006,NA,NA,NA,NA,65,17.6,8.7,20.6
BLZ,2007,NA,NA,NA,NA,61,17.3,8.4,20.3
BLZ,2008,NA,NA,NA,NA,59,17,8.4,19.9
BLZ,2009,NA,NA,NA,NA,57,16.6,8.7,19.4
BLZ,2010,NA,NA,NA,NA,54,16.2,9.3,18.9
BLZ,2011,NA,NA,NA,NA,52,15.7,10,18.3
BLZ,2012,NA,NA,NA,NA,50,15.2,10.4,17.7
BLZ,2013,NA,NA,NA,NA,48,14.6,10.5,16.9
BLZ,2014,NA,NA,NA,NA,46,13.9,10.4,16.1
BLZ,2015,NA,NA,NA,NA,43,13.2,10.1,15.3
BLZ,2016,NA,NA,NA,NA,39,12.5,9.6,14.5
BLZ,2017,NA,NA,NA,NA,36,11.8,9.1,13.7
BLZ,2018,NA,NA,NA,NA,NA,11.1,8.6,12.9
BLZ,2019,NA,NA,NA,NA,NA,10.6,8.1,12.3
BOL,2000,NA,NA,1,0,331,55.9,29.6,75.6
BOL,2001,50,yes,NA,NA,320,53.1,28.7,71.3
BOL,2002,NA,NA,NA,NA,309,50.4,28,67.2
BOL,2003,NA,NA,NA,NA,297,47.8,27.4,63.3
BOL,2004,NA,NA,1,0,283,45.4,26.8,59.6
BOL,2005,NA,NA,NA,NA,271,43.1,26.2,56.2
BOL,2006,NA,NA,NA,NA,258,40.8,25.5,52.9
BOL,2007,NA,NA,NA,NA,246,38.7,24.7,49.8
BOL,2008,NA,NA,1,0,234,36.7,23.7,46.9
BOL,2009,NA,NA,NA,NA,222,34.8,22.8,44.1
BOL,2010,NA,NA,1,0,212,33,21.8,41.6
BOL,2011,NA,NA,NA,NA,202,31.2,20.8,39.2
BOL,2012,NA,NA,NA,NA,192,29.6,19.9,37
BOL,2013,NA,NA,1,0,184,28,18.7,34.9
BOL,2014,NA,NA,1,0,175,26.6,17.6,33
BOL,2015,NA,NA,NA,NA,168,25.4,16.7,31.3
BOL,2016,NA,NA,1,0,161,24.3,15.9,29.9
BOL,2017,NA,NA,NA,NA,155,23.2,15.2,28.6
BOL,2018,NA,NA,NA,NA,NA,22.3,14.6,27.4
BOL,2019,NA,NA,NA,NA,NA,21.5,14,26.3
BRA,2000,62,yes,NA,NA,69,30.4,18.5,34.7
BRA,2001,46,yes,1,0,68,28.5,17.6,32.5
BRA,2002,74,yes,1,0,69,26.8,16.7,30.4
BRA,2003,61,yes,NA,NA,70,25.1,15.8,28.4
BRA,2004,43,yes,1,0,71,23.5,15,26.5
BRA,2005,86,yes,1,0,71,22,14.2,24.8
BRA,2006,54,yes,NA,NA,72,20.7,13.5,23.2
BRA,2007,22,no,0,1,71,19.5,12.8,21.8
BRA,2007,22,no,1,0,71,19.5,12.8,21.8
BRA,2008,40,yes,NA,NA,70,18.4,12.2,20.6
BRA,2009,20,no,NA,NA,69,17.5,11.6,19.5
BRA,2010,40,yes,1,0,65,16.7,11.1,18.6
BRA,2011,4,no,NA,NA,61,16,10.7,17.9
BRA,2012,34,yes,1,0,60,15.4,10.3,17.2
BRA,2013,270,yes,NA,NA,61,14.9,10,16.7
BRA,2014,4,no,1,0,62,14.6,9.7,16.3
BRA,2015,1,no,NA,NA,63,14.2,9.5,15.9
BRA,2016,18,no,NA,NA,62,15,10,16.7
BRA,2017,34,yes,NA,NA,60,13.8,9.3,15.4
BRA,2018,2803,yes,NA,NA,NA,13.6,9.2,15.2
BRA,2019,2380,yes,NA,NA,NA,13.3,8.9,14.9
BRB,2000,NA,NA,NA,NA,50,13.7,9.3,15.1
BRB,2001,NA,NA,NA,NA,48,14,9.3,15.3
BRB,2002,NA,NA,NA,NA,47,14.2,9.5,15.5
BRB,2003,NA,NA,NA,NA,45,14.3,9.6,15.7
BRB,2004,NA,NA,NA,NA,43,14.4,9.8,15.7
BRB,2005,NA,NA,NA,NA,42,14.4,9.9,15.7
BRB,2006,NA,NA,NA,NA,41,14.3,10,15.6
BRB,2007,NA,NA,0,1,40,14.2,10.1,15.4
BRB,2008,NA,NA,NA,NA,39,14.1,10.1,15.3
BRB,2009,NA,NA,NA,NA,38,13.9,10,15.1
BRB,2010,NA,NA,1,0,36,13.8,10,15
BRB,2011,NA,NA,NA,NA,35,13.7,9.9,14.8
BRB,2012,NA,NA,NA,NA,34,13.6,9.8,14.7
BRB,2013,NA,NA,NA,NA,32,13.5,9.7,14.6
BRB,2014,NA,NA,NA,NA,31,13.3,9.5,14.3
BRB,2015,NA,NA,NA,NA,31,13,9.3,14
BRB,2016,NA,NA,NA,NA,30,12.7,9.1,13.7
BRB,2017,NA,NA,NA,NA,27,12.4,8.9,13.4
BRB,2018,NA,NA,NA,NA,NA,12.1,8.6,13
BRB,2019,NA,NA,NA,NA,NA,11.7,8.4,12.6
BRN,2000,NA,NA,NA,NA,28,8.2,5,10.3
BRN,2001,NA,NA,NA,NA,28,8,5,10.1
BRN,2002,NA,NA,NA,NA,29,7.9,5,9.8
BRN,2003,NA,NA,NA,NA,30,7.8,5,9.7
BRN,2004,NA,NA,NA,NA,30,7.7,5,9.6
BRN,2005,NA,NA,NA,NA,29,7.7,5,9.5
BRN,2006,NA,NA,NA,NA,28,7.7,4.9,9.5
BRN,2007,NA,NA,NA,NA,27,7.7,4.9,9.5
BRN,2008,NA,NA,NA,NA,27,7.7,4.8,9.5
BRN,2009,NA,NA,NA,NA,27,7.8,4.8,9.6
BRN,2010,NA,NA,NA,NA,28,7.9,4.8,9.7
BRN,2011,NA,NA,NA,NA,28,8.1,4.8,9.8
BRN,2012,NA,NA,NA,NA,29,8.2,4.8,10
BRN,2013,NA,NA,NA,NA,28,8.4,4.9,10.2
BRN,2014,NA,NA,NA,NA,29,8.6,5,10.4
BRN,2015,NA,NA,NA,NA,30,8.8,5.2,10.6
BRN,2016,NA,NA,NA,NA,31,9,5.4,10.8
BRN,2017,NA,NA,NA,NA,31,9.2,5.6,11
BRN,2018,NA,NA,NA,NA,NA,9.4,5.8,11.2
BRN,2019,NA,NA,NA,NA,NA,9.6,6,11.4
BTN,2000,NA,NA,NA,NA,423,57.5,31.8,77.2
BTN,2001,NA,NA,NA,NA,384,54.8,30.9,72.9
BTN,2002,NA,NA,NA,NA,365,52.2,30,68.9
BTN,2003,NA,NA,NA,NA,348,49.7,29,65
BTN,2004,NA,NA,NA,NA,332,47.2,28,61.2
BTN,2005,0,no,NA,NA,310,44.7,27.1,57.5
BTN,2006,NA,NA,NA,NA,291,42.3,26.2,54.1
BTN,2007,NA,NA,NA,NA,275,40.1,25.3,50.8
BTN,2008,NA,NA,NA,NA,264,38,24.4,47.8
BTN,2009,NA,NA,0,1,255,36,23.4,44.9
BTN,2010,NA,NA,NA,NA,247,34.1,22.5,42.4
BTN,2011,NA,NA,0,1,239,32.4,21.6,40
BTN,2012,NA,NA,NA,NA,231,31,20.8,38
BTN,2013,NA,NA,NA,NA,223,29.6,20.1,36.2
BTN,2014,NA,NA,NA,NA,214,28.5,19.3,34.6
BTN,2015,NA,NA,NA,NA,203,27.4,18.4,33.1
BTN,2016,NA,NA,NA,NA,193,26.5,17.6,31.9
BTN,2017,NA,NA,NA,NA,183,25.6,17,30.7
BTN,2018,NA,NA,NA,NA,NA,24.7,16.3,29.6
BTN,2019,NA,NA,NA,NA,NA,23.9,15.7,28.6
BWA,2000,NA,NA,NA,NA,262,45.2,16.6,80.5
BWA,2001,NA,NA,NA,NA,271,44.6,17,80
BWA,2002,NA,NA,NA,NA,278,43.9,17.8,78.3
BWA,2003,NA,NA,NA,NA,278,43.1,18.7,76.1
BWA,2004,NA,NA,NA,NA,264,42.1,19.6,72.7
BWA,2005,NA,NA,NA,NA,239,38.9,20.4,67
BWA,2006,NA,NA,NA,NA,221,38.1,21,61.5
BWA,2007,NA,NA,NA,NA,209,39.5,21.6,58.6
BWA,2008,NA,NA,NA,NA,203,40.3,22,57.6
BWA,2009,NA,NA,NA,NA,189,40.1,22.4,55.3
BWA,2010,NA,NA,NA,NA,179,39.5,22.7,51.4
BWA,2011,NA,NA,NA,NA,176,41.1,22.9,51.9
BWA,2012,NA,NA,NA,NA,170,40.2,23.1,50.8
BWA,2013,NA,NA,NA,NA,164,39.4,23.2,49.6
BWA,2014,NA,NA,NA,NA,160,40.1,23.3,50.2
BWA,2015,NA,NA,1,0,156,39.6,23.3,49.7
BWA,2016,NA,NA,NA,NA,151,39.3,23.2,49.2
BWA,2017,NA,NA,NA,NA,144,38.2,23,47.8
BWA,2018,NA,NA,NA,NA,NA,37.6,22.7,47
BWA,2019,NA,NA,1,0,NA,36.9,22.3,45.9
CAF,2000,5,no,NA,NA,1280,109.9,49,168.9
CAF,2001,6,no,NA,NA,1290,109.2,48.9,167.4
CAF,2002,216,yes,NA,NA,1280,108.5,48.7,165.8
CAF,2003,152,yes,NA,NA,1250,107.7,48.6,164.2
CAF,2004,19,no,NA,NA,1230,106.9,48.4,162.5
CAF,2005,23,no,NA,NA,1200,106.1,48.2,160.8
CAF,2006,8,no,NA,NA,1170,104.8,48,158.3
CAF,2007,190,yes,NA,NA,1130,103.7,47.7,155.6
CAF,2008,143,yes,NA,NA,1090,102.5,47.2,152.8
CAF,2009,8,no,NA,NA,1050,100.6,46.7,148.9
CAF,2010,244,yes,NA,NA,1000,99,46.1,145
CAF,2011,148,yes,NA,NA,981,96.7,45.5,140.5
CAF,2012,195,yes,NA,NA,963,94.5,44.7,136.2
CAF,2013,132,yes,NA,NA,1030,93,43.9,132.5
CAF,2014,3396,yes,NA,NA,961,90.5,43.2,128.2
CAF,2015,3494,yes,NA,NA,912,87.9,42.5,123.3
CAF,2016,743,yes,NA,NA,890,85.6,41.7,118.2
CAF,2017,688,yes,NA,NA,829,83.8,41,114.5
CAF,2018,1849,yes,NA,NA,NA,81.6,40.2,111.1
CAF,2019,640,yes,NA,NA,NA,79.1,39.6,106.6
CAN,2000,11,no,NA,NA,9,5.3,3.8,6.2
CAN,2001,23,no,NA,NA,10,5.3,3.8,6.2
CAN,2002,1,no,NA,NA,10,5.3,3.9,6.2
CAN,2003,NA,NA,NA,NA,10,5.3,3.9,6.2
CAN,2004,NA,NA,NA,NA,10,5.3,3.9,6.1
CAN,2005,NA,NA,NA,NA,11,5.2,3.9,6.1
CAN,2006,NA,NA,NA,NA,11,5.2,3.9,6
CAN,2007,NA,NA,NA,NA,11,5.1,3.8,6
CAN,2008,NA,NA,NA,NA,12,5.1,3.8,5.9
CAN,2009,NA,NA,NA,NA,12,5,3.8,5.8
CAN,2010,NA,NA,NA,NA,11,5,3.8,5.7
CAN,2011,NA,NA,NA,NA,11,4.9,3.7,5.7
CAN,2012,NA,NA,NA,NA,11,4.9,3.7,5.6
CAN,2013,NA,NA,NA,NA,11,4.8,3.6,5.5
CAN,2014,NA,NA,NA,NA,11,4.7,3.6,5.4
CAN,2015,NA,NA,NA,NA,11,4.7,3.6,5.4
CAN,2016,NA,NA,NA,NA,10,4.6,3.5,5.3
CAN,2017,NA,NA,NA,NA,10,4.6,3.4,5.2
CAN,2018,NA,NA,NA,NA,NA,4.5,3.3,5.1
CAN,2019,NA,NA,NA,NA,NA,4.4,3.3,5.1
CHE,2000,NA,NA,NA,NA,7,4.7,3.5,5.6
CHE,2001,NA,NA,NA,NA,7,4.6,3.5,5.5
CHE,2002,NA,NA,NA,NA,7,4.5,3.4,5.4
CHE,2003,NA,NA,NA,NA,7,4.5,3.4,5.3
CHE,2004,NA,NA,NA,NA,7,4.4,3.3,5.2
CHE,2005,NA,NA,NA,NA,7,4.3,3.3,5.1
CHE,2006,NA,NA,NA,NA,7,4.2,3.3,4.9
CHE,2007,NA,NA,NA,NA,6,4.1,3.2,4.8
CHE,2008,NA,NA,NA,NA,6,4,3.2,4.7
CHE,2009,NA,NA,NA,NA,6,4,3.2,4.6
CHE,2010,NA,NA,NA,NA,6,3.9,3.2,4.6
CHE,2011,NA,NA,NA,NA,6,3.9,3.1,4.5
CHE,2012,NA,NA,NA,NA,6,3.8,3.1,4.4
CHE,2013,NA,NA,NA,NA,6,3.8,3,4.4
CHE,2014,NA,NA,NA,NA,5,3.8,3,4.3
CHE,2015,NA,NA,NA,NA,5,3.7,3,4.3
CHE,2016,NA,NA,NA,NA,5,3.7,2.9,4.2
CHE,2017,NA,NA,NA,NA,5,3.6,2.9,4.2
CHE,2018,NA,NA,NA,NA,NA,3.6,2.9,4.1
CHE,2019,NA,NA,NA,NA,NA,3.6,2.8,4
CHL,2000,NA,NA,NA,NA,31,9.2,5.7,10.9
CHL,2001,NA,NA,NA,NA,32,8.7,5.4,10.3
CHL,2002,NA,NA,NA,NA,28,8.3,5.3,9.8
CHL,2003,NA,NA,NA,NA,27,8.1,5.3,9.5
CHL,2004,NA,NA,NA,NA,27,7.9,5.4,9.3
CHL,2005,NA,NA,0,1,25,7.7,5.4,9.1
CHL,2006,NA,NA,NA,NA,25,7.6,5.5,9
CHL,2007,NA,NA,0,1,23,7.6,5.4,8.9
CHL,2007,NA,NA,0,1,23,7.6,5.4,8.9
CHL,2008,NA,NA,NA,NA,21,7.6,5.3,8.9
CHL,2009,NA,NA,NA,NA,21,7.5,5.3,8.8
CHL,2010,NA,NA,0,1,20,7.4,5.3,8.7
CHL,2011,NA,NA,NA,NA,18,7.3,5.3,8.5
CHL,2012,NA,NA,0,1,17,7.2,5.3,8.4
CHL,2013,NA,NA,NA,NA,16,7.1,5.3,8.3
CHL,2014,NA,NA,0,1,15,6.9,5.2,8.1
CHL,2015,NA,NA,0,1,14,6.7,5.1,7.9
CHL,2016,NA,NA,NA,NA,13,6.5,5,7.7
CHL,2017,NA,NA,NA,NA,13,6.4,4.9,7.4
CHL,2018,NA,NA,NA,NA,NA,6.2,4.7,7.2
CHL,2019,NA,NA,0,1,NA,6,4.5,7
CHN,2000,0,no,0,1,59,29.9,21.4,36.7
CHN,2000,0,no,0,1,59,29.9,21.4,36.7
CHN,2000,0,no,0,1,59,29.9,21.4,36.7
CHN,2000,0,no,0,1,59,29.9,21.4,36.7
CHN,2000,0,no,0,1,59,29.9,21.4,36.7
CHN,2000,0,no,1,0,59,29.9,21.4,36.7
CHN,2000,0,no,1,0,59,29.9,21.4,36.7
CHN,2000,0,no,1,0,59,29.9,21.4,36.7
CHN,2001,NA,NA,0,1,55,27.8,19.9,34.1
CHN,2001,NA,NA,0,1,55,27.8,19.9,34.1
CHN,2001,NA,NA,0,1,55,27.8,19.9,34.1
CHN,2001,NA,NA,0,1,55,27.8,19.9,34.1
CHN,2001,NA,NA,0,1,55,27.8,19.9,34.1
CHN,2001,NA,NA,1,0,55,27.8,19.9,34.1
CHN,2001,NA,NA,1,0,55,27.8,19.9,34.1
CHN,2002,NA,NA,0,1,51,25.6,18.4,31.5
CHN,2002,NA,NA,0,1,51,25.6,18.4,31.5
CHN,2002,NA,NA,1,0,51,25.6,18.4,31.5
CHN,2002,NA,NA,1,0,51,25.6,18.4,31.5
CHN,2002,NA,NA,1,0,51,25.6,18.4,31.5
CHN,2003,NA,NA,0,1,48,23.4,16.9,28.8
CHN,2003,NA,NA,1,0,48,23.4,16.9,28.8
CHN,2003,NA,NA,0,1,48,23.4,16.9,28.8
CHN,2003,NA,NA,0,1,48,23.4,16.9,28.8
CHN,2003,NA,NA,0,1,48,23.4,16.9,28.8
CHN,2003,NA,NA,0,1,48,23.4,16.9,28.8
CHN,2003,NA,NA,0,1,48,23.4,16.9,28.8
CHN,2003,NA,NA,0,1,48,23.4,16.9,28.8
CHN,2003,NA,NA,0,1,48,23.4,16.9,28.8
CHN,2003,NA,NA,0,1,48,23.4,16.9,28.8
CHN,2003,NA,NA,0,1,48,23.4,16.9,28.8
CHN,2003,NA,NA,0,1,48,23.4,16.9,28.8
CHN,2003,NA,NA,1,0,48,23.4,16.9,28.8
CHN,2004,NA,NA,0,1,46,21.4,15.3,26.3
CHN,2004,NA,NA,0,1,46,21.4,15.3,26.3
CHN,2004,NA,NA,0,1,46,21.4,15.3,26.3
CHN,2004,NA,NA,0,1,46,21.4,15.3,26.3
CHN,2004,NA,NA,0,1,46,21.4,15.3,26.3
CHN,2005,NA,NA,1,0,44,19.4,13.9,24
CHN,2005,NA,NA,0,1,44,19.4,13.9,24
CHN,2005,NA,NA,0,1,44,19.4,13.9,24
CHN,2005,NA,NA,1,0,44,19.4,13.9,24
CHN,2006,12,no,0,1,42,17.7,12.5,21.9
CHN,2006,12,no,1,0,42,17.7,12.5,21.9
CHN,2006,12,no,0,1,42,17.7,12.5,21.9
CHN,2006,12,no,0,1,42,17.7,12.5,21.9
CHN,2006,12,no,0,1,42,17.7,12.5,21.9
CHN,2006,12,no,0,1,42,17.7,12.5,21.9
CHN,2006,12,no,0,1,42,17.7,12.5,21.9
CHN,2007,NA,NA,0,1,40,16.2,11.3,20.1
CHN,2008,0,no,0,1,40,14.8,10.2,18.5
CHN,2008,0,no,0,1,40,14.8,10.2,18.5
CHN,2008,0,no,0,1,40,14.8,10.2,18.5
CHN,2008,0,no,0,1,40,14.8,10.2,18.5
CHN,2008,0,no,0,1,40,14.8,10.2,18.5
CHN,2008,0,no,0,1,40,14.8,10.2,18.5
CHN,2008,0,no,0,1,40,14.8,10.2,18.5
CHN,2008,0,no,1,0,40,14.8,10.2,18.5
CHN,2009,87,yes,0,1,37,13.6,9.2,17
CHN,2009,87,yes,1,0,37,13.6,9.2,17
CHN,2009,87,yes,0,1,37,13.6,9.2,17
CHN,2009,87,yes,1,0,37,13.6,9.2,17
CHN,2010,189,yes,0,1,36,12.5,8.4,15.8
CHN,2010,189,yes,1,0,36,12.5,8.4,15.8
CHN,2010,189,yes,0,1,36,12.5,8.4,15.8
CHN,2010,189,yes,0,1,36,12.5,8.4,15.8
CHN,2010,189,yes,0,1,36,12.5,8.4,15.8
CHN,2010,189,yes,0,1,36,12.5,8.4,15.8
CHN,2011,NA,NA,0,1,34,11.5,7.6,14.6
CHN,2011,NA,NA,0,1,34,11.5,7.6,14.6
CHN,2011,NA,NA,0,1,34,11.5,7.6,14.6
CHN,2011,NA,NA,0,1,34,11.5,7.6,14.6
CHN,2011,NA,NA,0,1,34,11.5,7.6,14.6
CHN,2011,NA,NA,0,1,34,11.5,7.6,14.6
CHN,2011,NA,NA,0,1,34,11.5,7.6,14.6
CHN,2012,NA,NA,0,1,33,10.6,7,13.5
CHN,2012,NA,NA,0,1,33,10.6,7,13.5
CHN,2012,NA,NA,0,1,33,10.6,7,13.5
CHN,2012,NA,NA,0,1,33,10.6,7,13.5
CHN,2012,NA,NA,0,1,33,10.6,7,13.5
CHN,2012,NA,NA,0,1,33,10.6,7,13.5
CHN,2013,NA,NA,0,1,32,9.8,6.4,12.5
CHN,2013,NA,NA,0,1,32,9.8,6.4,12.5
CHN,2013,NA,NA,0,1,32,9.8,6.4,12.5
CHN,2013,NA,NA,0,1,32,9.8,6.4,12.5
CHN,2013,NA,NA,0,1,32,9.8,6.4,12.5
CHN,2013,NA,NA,0,1,32,9.8,6.4,12.5
CHN,2013,NA,NA,0,1,32,9.8,6.4,12.5
CHN,2013,NA,NA,0,1,32,9.8,6.4,12.5
CHN,2013,NA,NA,1,0,32,9.8,6.4,12.5
CHN,2014,NA,NA,0,1,31,9,5.8,11.6
CHN,2014,NA,NA,0,1,31,9,5.8,11.6
CHN,2014,NA,NA,0,1,31,9,5.8,11.6
CHN,2014,NA,NA,0,1,31,9,5.8,11.6
CHN,2014,NA,NA,0,1,31,9,5.8,11.6
CHN,2014,NA,NA,0,1,31,9,5.8,11.6
CHN,2014,NA,NA,0,1,31,9,5.8,11.6
CHN,2014,NA,NA,0,1,31,9,5.8,11.6
CHN,2014,NA,NA,1,0,31,9,5.8,11.6
CHN,2014,NA,NA,1,0,31,9,5.8,11.6
CHN,2015,NA,NA,0,1,30,8.3,5.3,10.7
CHN,2015,NA,NA,0,1,30,8.3,5.3,10.7
CHN,2015,NA,NA,0,1,30,8.3,5.3,10.7
CHN,2015,NA,NA,0,1,30,8.3,5.3,10.7
CHN,2015,NA,NA,0,1,30,8.3,5.3,10.7
CHN,2015,NA,NA,1,0,30,8.3,5.3,10.7
CHN,2016,5,no,1,0,29,7.6,4.9,9.9
CHN,2016,5,no,0,1,29,7.6,4.9,9.9
CHN,2016,5,no,0,1,29,7.6,4.9,9.9
CHN,2016,5,no,0,1,29,7.6,4.9,9.9
CHN,2017,NA,NA,0,1,29,7,4.5,9.2
CHN,2017,NA,NA,0,1,29,7,4.5,9.2
CHN,2017,NA,NA,0,1,29,7,4.5,9.2
CHN,2017,NA,NA,0,1,29,7,4.5,9.2
CHN,2017,NA,NA,1,0,29,7,4.5,9.2
CHN,2018,6,no,0,1,NA,6.4,4.1,8.5
CHN,2018,6,no,0,1,NA,6.4,4.1,8.5
CHN,2019,NA,NA,0,1,NA,5.9,3.7,7.9
CHN,2019,NA,NA,0,1,NA,5.9,3.7,7.9
CHN,2019,NA,NA,0,1,NA,5.9,3.7,7.9
CIV,2000,0,no,NA,NA,704,95.6,45.8,143.3
CIV,2001,132,yes,NA,NA,706,93.7,45.2,140.1
CIV,2002,2,no,NA,NA,713,91.6,44.6,136.7
CIV,2003,1028,yes,NA,NA,711,89.6,44,133.1
CIV,2004,492,yes,NA,NA,709,87.5,43.4,129.5
CIV,2005,304,yes,NA,NA,704,85.2,42.7,125.6
CIV,2006,153,yes,NA,NA,699,83.4,42,122
CIV,2007,11,no,NA,NA,698,81.1,41.3,118.2
CIV,2008,3,no,NA,NA,694,78.7,40.6,114.2
CIV,2009,4,no,NA,NA,700,76.6,40,109.9
CIV,2010,1,no,NA,NA,701,74.7,39.3,106.3
CIV,2011,80,yes,NA,NA,703,72.9,38.7,103.1
CIV,2012,1256,yes,NA,NA,702,71,38,100.1
CIV,2013,21,no,NA,NA,691,69.1,37.4,97
CIV,2014,4,no,NA,NA,676,67.3,36.8,93.6
CIV,2015,NA,NA,NA,NA,658,65.7,36.2,90.8
CIV,2016,NA,NA,NA,NA,636,64.4,35.6,88.4
CIV,2017,49,yes,NA,NA,617,62.9,35,86
CIV,2018,NA,NA,NA,NA,NA,61.3,34.5,83.2
CIV,2019,NA,NA,NA,NA,NA,59.4,33.9,80.3
CMR,2000,NA,NA,NA,NA,886,87.6,35.6,143.9
CMR,2001,2,no,1,0,844,85.8,34.8,140.9
CMR,2002,0,no,NA,NA,803,83.7,34.1,137.5
CMR,2003,NA,NA,NA,NA,771,81.7,33.7,134
CMR,2004,NA,NA,NA,NA,732,79.7,33.5,130.6
CMR,2005,0,no,1,0,692,78.1,33.2,127.5
CMR,2006,0,no,NA,NA,658,76.2,33,124.2
CMR,2007,NA,NA,NA,NA,635,74.6,32.7,121
CMR,2008,NA,NA,NA,NA,618,72.7,32.4,117.6
CMR,2009,0,no,NA,NA,606,71.1,32,114.3
CMR,2010,0,no,NA,NA,597,68.6,31.7,110.1
CMR,2011,NA,NA,NA,NA,589,66.6,31.3,105.8
CMR,2012,NA,NA,1,0,580,64.2,30.9,101.3
CMR,2013,NA,NA,NA,NA,567,61.6,30.4,96.7
CMR,2014,1,no,NA,NA,564,59.5,29.9,92.4
CMR,2015,1047,yes,NA,NA,554,57,29.3,88
CMR,2016,1263,yes,NA,NA,538,55.2,28.7,84.2
CMR,2017,491,yes,NA,NA,529,53.2,28,80.6
CMR,2018,410,yes,NA,NA,NA,51.3,27.4,77.3
CMR,2019,1007,yes,NA,NA,NA,49.9,26.8,74.7
COD,2000,7541,yes,NA,NA,760,106.5,38.4,159.3
COD,2001,3052,yes,NA,NA,740,104.4,38,154.9
COD,2002,1391,yes,NA,NA,734,102.2,37.6,150.4
COD,2003,7931,yes,NA,NA,699,99.9,37.2,145.7
COD,2004,4328,yes,NA,NA,661,97.5,36.6,140.9
COD,2005,795,yes,0,1,627,95.2,36,136.1
COD,2006,314,yes,NA,NA,598,92.8,35.3,131.4
COD,2007,390,yes,NA,NA,578,90.4,34.5,126.7
COD,2008,879,yes,0,1,565,88.1,33.8,122.3
COD,2009,1740,yes,NA,NA,555,85.8,33,118
COD,2010,5069,yes,NA,NA,542,83.5,32.3,113.8
COD,2011,799,yes,NA,NA,532,81.3,31.7,109.9
COD,2012,511,yes,NA,NA,524,79.1,31.1,106.1
COD,2013,1842,yes,NA,NA,514,77,30.6,102.5
COD,2014,2196,yes,NA,NA,500,75,30,99.2
COD,2015,1622,yes,0,1,490,73,29.5,95.9
COD,2016,737,yes,NA,NA,481,71.1,29,92.8
COD,2017,2194,yes,NA,NA,473,69.1,28.5,89.6
COD,2018,6031,yes,NA,NA,NA,67.3,27.9,86.6
COD,2019,3130,yes,NA,NA,NA,65.5,27.3,83.8
COG,2000,948,yes,NA,NA,739,72.4,30.7,114.1
COG,2001,NA,NA,NA,NA,752,70.7,30.2,111.1
COG,2002,3,no,NA,NA,769,68,29.5,106.2
COG,2003,234,yes,NA,NA,757,64.6,28.6,100.2
COG,2004,33,yes,NA,NA,724,60.7,27.5,93.3
COG,2005,NA,NA,NA,NA,677,56.8,26.5,86.4
COG,2006,15,no,NA,NA,623,53.1,25.4,79.8
COG,2007,NA,NA,NA,NA,580,49.8,24.5,74
COG,2008,2,no,NA,NA,552,46.9,23.7,69
COG,2009,1,no,NA,NA,526,44.7,23,65
COG,2010,NA,NA,NA,NA,506,43,22.5,62
COG,2011,NA,NA,NA,NA,488,41.7,22.1,59.7
COG,2012,1,no,NA,NA,468,40.7,21.8,57.9
COG,2013,2,no,NA,NA,449,39.7,21.4,56.2
COG,2014,NA,NA,NA,NA,433,38.7,21.1,54.4
COG,2015,NA,NA,NA,NA,416,37.6,20.7,52.6
COG,2016,0,no,NA,NA,397,36.6,20.2,50.8
COG,2017,73,yes,NA,NA,378,35.6,19.9,49.1
COG,2018,20,no,NA,NA,NA,34.7,19.4,47.6
COG,2019,NA,NA,NA,NA,NA,35.9,19.1,52.5
COL,2000,2093,yes,0,1,94,21.2,13.5,25.1
COL,2001,4293,yes,NA,NA,93,20.6,13.1,24.3
COL,2002,4592,yes,NA,NA,92,19.9,12.7,23.5
COL,2003,4346,yes,NA,NA,88,19.4,12.4,22.8
COL,2004,1183,yes,0,1,85,18.9,12,22.1
COL,2004,1183,yes,0,1,85,18.9,12,22.1
COL,2005,1781,yes,NA,NA,83,18.3,11.7,21.5
COL,2006,1725,yes,NA,NA,82,17.8,11.3,20.8
COL,2007,588,yes,0,1,83,17.2,11,20.2
COL,2008,362,yes,0,1,84,16.7,10.6,19.5
COL,2009,252,yes,NA,NA,87,16.2,10.3,18.9
COL,2010,419,yes,NA,NA,85,15.7,10,18.3
COL,2011,442,yes,NA,NA,84,15.2,9.6,17.7
COL,2012,227,yes,NA,NA,85,14.7,9.3,17.1
COL,2013,227,yes,0,1,85,14.3,9,16.6
COL,2014,140,yes,NA,NA,85,13.8,8.7,16
COL,2015,156,yes,0,1,85,13.4,8.4,15.5
COL,2015,156,yes,1,0,85,13.4,8.4,15.5
COL,2016,143,yes,NA,NA,84,12.9,8.2,15
COL,2017,38,yes,NA,NA,83,12.5,7.9,14.6
COL,2018,87,yes,NA,NA,NA,12.1,7.7,14.1
COL,2019,245,yes,NA,NA,NA,11.7,7.4,13.6
COM,2000,NA,NA,NA,NA,444,72.4,40.8,100.6
COM,2001,NA,NA,NA,NA,437,72.1,40.7,100.2
COM,2002,NA,NA,NA,NA,429,72,40.5,100.1
COM,2003,NA,NA,NA,NA,423,71.7,40.3,99.6
COM,2004,NA,NA,NA,NA,414,71,40.1,98.5
COM,2005,NA,NA,NA,NA,404,69.8,39.7,96.7
COM,2006,NA,NA,NA,NA,393,68.4,39.2,94.4
COM,2007,NA,NA,NA,NA,382,66.8,38.6,91.9
COM,2008,NA,NA,NA,NA,370,65.3,38,89.5
COM,2009,NA,NA,NA,NA,356,63.7,37.3,86.9
COM,2010,NA,NA,NA,NA,341,62.2,36.6,84.6
COM,2011,NA,NA,NA,NA,326,60.5,35.8,82
COM,2012,NA,NA,NA,NA,313,58.9,35.1,79.4
COM,2013,NA,NA,NA,NA,302,57.2,34.5,76.9
COM,2014,NA,NA,0,1,293,55.8,33.6,74.7
COM,2015,NA,NA,NA,NA,285,54.4,32.9,72.3
COM,2016,NA,NA,NA,NA,279,53,32.1,70.1
COM,2017,NA,NA,NA,NA,273,51.5,31.3,67.9
COM,2018,NA,NA,NA,NA,NA,50.1,30.5,65.7
COM,2019,NA,NA,NA,NA,NA,48.7,29.8,63.5
CPV,2000,NA,NA,NA,NA,118,31.1,18.1,38.1
CPV,2001,NA,NA,NA,NA,109,28.4,17,34.4
CPV,2002,NA,NA,1,0,101,26.3,16,31.6
CPV,2003,NA,NA,NA,NA,96,24.8,15.4,29.8
CPV,2004,NA,NA,NA,NA,91,24,15.1,28.6
CPV,2005,NA,NA,NA,NA,86,23.5,15.1,28.1
CPV,2006,NA,NA,NA,NA,82,23.4,15.3,27.9
CPV,2007,NA,NA,NA,NA,78,23.3,15.4,27.8
CPV,2008,NA,NA,NA,NA,75,23.1,15.6,27.5
CPV,2009,NA,NA,NA,NA,72,22.7,15.5,27
CPV,2010,NA,NA,NA,NA,70,22.1,15.3,26.3
CPV,2011,NA,NA,NA,NA,67,21.3,14.9,25.2
CPV,2012,NA,NA,NA,NA,65,20.3,14.3,24
CPV,2013,NA,NA,NA,NA,63,19.2,13.5,22.5
CPV,2014,NA,NA,NA,NA,62,17.9,12.6,21
CPV,2015,NA,NA,NA,NA,61,16.7,11.8,19.5
CPV,2016,NA,NA,NA,NA,59,15.5,10.9,18.1
CPV,2017,NA,NA,1,0,58,14.5,10.2,16.8
CPV,2018,NA,NA,NA,NA,NA,13.6,9.6,15.8
CPV,2019,NA,NA,NA,NA,NA,12.8,9,14.9
CRI,2000,NA,NA,NA,NA,40,11.1,7.7,13.1
CRI,2001,NA,NA,NA,NA,37,10.5,7.5,12.6
CRI,2002,NA,NA,NA,NA,38,10.1,7.3,12.1
CRI,2003,NA,NA,0,1,37,10,7.2,11.8
CRI,2004,NA,NA,0,1,36,9.9,7.1,11.5
CRI,2005,NA,NA,NA,NA,33,9.9,7.1,11.3
CRI,2006,NA,NA,NA,NA,35,9.8,7,11.2
CRI,2007,NA,NA,NA,NA,29,9.7,6.9,11.1
CRI,2008,NA,NA,NA,NA,29,9.5,6.8,10.9
CRI,2009,NA,NA,0,1,29,9.3,6.7,10.7
CRI,2010,NA,NA,NA,NA,32,9.2,6.6,10.5
CRI,2011,NA,NA,NA,NA,30,8.9,6.5,10.2
CRI,2012,NA,NA,0,1,29,8.6,6.5,9.9
CRI,2013,NA,NA,NA,NA,29,8.2,6.4,9.6
CRI,2014,NA,NA,1,0,29,7.9,6.3,9.3
CRI,2015,NA,NA,NA,NA,28,7.7,6.3,9.1
CRI,2016,NA,NA,NA,NA,28,7.6,6.2,8.9
CRI,2017,NA,NA,NA,NA,27,7.5,6.1,8.7
CRI,2018,NA,NA,1,0,NA,7.4,5.9,8.4
CRI,2019,NA,NA,NA,NA,NA,7.2,5.8,8.2
CUB,2000,NA,NA,1,0,46,7,4.3,8.8
CUB,2001,NA,NA,NA,NA,44,6.8,4.2,8.5
CUB,2002,NA,NA,NA,NA,41,6.5,4,8.2
CUB,2003,NA,NA,NA,NA,41,6.3,3.8,7.9
CUB,2004,NA,NA,1,0,40,6.1,3.6,7.6
CUB,2005,NA,NA,NA,NA,41,5.9,3.4,7.4
CUB,2006,NA,NA,NA,NA,38,5.7,3.3,7.2
CUB,2007,NA,NA,NA,NA,38,5.5,3.2,6.9
CUB,2008,NA,NA,NA,NA,40,5.4,3.1,6.7
CUB,2009,NA,NA,NA,NA,40,5.2,3,6.5
CUB,2010,NA,NA,NA,NA,41,5.1,2.9,6.4
CUB,2011,NA,NA,NA,NA,38,5,2.8,6.2
CUB,2012,NA,NA,NA,NA,39,4.8,2.7,6.1
CUB,2013,NA,NA,NA,NA,40,4.7,2.6,5.9
CUB,2014,NA,NA,NA,NA,39,4.6,2.5,5.8
CUB,2015,NA,NA,1,0,38,4.5,2.4,5.7
CUB,2016,NA,NA,NA,NA,37,4.4,2.3,5.5
CUB,2017,NA,NA,NA,NA,36,4.3,2.3,5.4
CUB,2018,NA,NA,NA,NA,NA,4.3,2.3,5.3
CUB,2019,NA,NA,NA,NA,NA,4.2,2.3,5.2
CYP,2000,NA,NA,1,0,14,5.6,3.7,6.5
CYP,2001,NA,NA,NA,NA,9,5.2,3.4,6
CYP,2002,NA,NA,NA,NA,10,4.8,3.2,5.6
CYP,2003,NA,NA,NA,NA,9,4.5,3,5.2
CYP,2004,NA,NA,NA,NA,9,4.1,2.8,4.8
CYP,2005,NA,NA,NA,NA,12,3.8,2.6,4.5
CYP,2006,NA,NA,NA,NA,9,3.6,2.4,4.2
CYP,2007,NA,NA,NA,NA,8,3.3,2.3,3.9
CYP,2008,NA,NA,NA,NA,9,3.1,2.1,3.7
CYP,2009,NA,NA,NA,NA,8,3,2,3.5
CYP,2010,NA,NA,NA,NA,8,2.8,1.9,3.4
CYP,2011,NA,NA,NA,NA,8,2.7,1.9,3.2
CYP,2012,NA,NA,NA,NA,7,2.6,1.8,3.1
CYP,2013,NA,NA,NA,NA,6,2.5,1.8,3
CYP,2014,NA,NA,NA,NA,8,2.4,1.7,2.9
CYP,2015,NA,NA,NA,NA,7,2.4,1.7,2.9
CYP,2016,NA,NA,NA,NA,6,2.4,1.7,2.9
CYP,2017,NA,NA,NA,NA,6,2.3,1.7,2.8
CYP,2018,NA,NA,NA,NA,NA,2.3,1.7,2.8
CYP,2019,NA,NA,NA,NA,NA,2.3,1.7,2.8
CZE,2000,NA,NA,NA,NA,7,4.5,2.7,5.5
CZE,2001,NA,NA,NA,NA,7,4.3,2.5,5.2
CZE,2002,NA,NA,NA,NA,6,4.1,2.4,5
CZE,2003,NA,NA,NA,NA,6,3.9,2.4,4.8
CZE,2004,NA,NA,NA,NA,5,3.7,2.3,4.6
CZE,2005,NA,NA,NA,NA,5,3.6,2.2,4.4
CZE,2006,NA,NA,NA,NA,5,3.4,2.1,4.1
CZE,2007,NA,NA,NA,NA,5,3.2,2,3.9
CZE,2008,NA,NA,NA,NA,5,3,1.9,3.7
CZE,2009,NA,NA,NA,NA,4,2.9,1.8,3.5
CZE,2010,NA,NA,NA,NA,4,2.7,1.7,3.4
CZE,2011,NA,NA,NA,NA,4,2.6,1.6,3.3
CZE,2012,NA,NA,NA,NA,4,2.6,1.6,3.2
CZE,2013,NA,NA,NA,NA,4,2.5,1.6,3.1
CZE,2014,NA,NA,NA,NA,4,2.5,1.6,3.1
CZE,2015,NA,NA,NA,NA,4,2.5,1.6,3.2
CZE,2016,NA,NA,NA,NA,4,2.6,1.6,3.2
CZE,2017,NA,NA,NA,NA,3,2.6,1.6,3.2
CZE,2018,NA,NA,NA,NA,NA,2.5,1.6,3.1
CZE,2019,NA,NA,NA,NA,NA,2.4,1.6,3
DEU,2000,NA,NA,NA,NA,7,4.4,2.8,5.4
DEU,2001,NA,NA,NA,NA,7,4.3,2.7,5.2
DEU,2002,NA,NA,NA,NA,7,4.2,2.7,5.1
DEU,2003,NA,NA,NA,NA,6,4.1,2.7,5
DEU,2004,NA,NA,0,1,6,4,2.6,4.9
DEU,2005,NA,NA,NA,NA,6,3.9,2.6,4.7
DEU,2006,NA,NA,NA,NA,6,3.8,2.6,4.6
DEU,2007,NA,NA,NA,NA,6,3.7,2.5,4.5
DEU,2008,NA,NA,NA,NA,6,3.6,2.4,4.4
DEU,2009,NA,NA,NA,NA,6,3.5,2.4,4.3
DEU,2010,NA,NA,NA,NA,6,3.5,2.3,4.2
DEU,2011,NA,NA,NA,NA,6,3.4,2.3,4.1
DEU,2012,NA,NA,NA,NA,5,3.4,2.3,4
DEU,2013,NA,NA,NA,NA,5,3.3,2.3,4
DEU,2014,NA,NA,NA,NA,5,3.3,2.3,4
DEU,2015,NA,NA,NA,NA,5,3.3,2.3,3.9
DEU,2016,NA,NA,NA,NA,5,3.3,2.3,3.9
DEU,2017,12,no,NA,NA,7,3.3,2.3,3.9
DEU,2018,NA,NA,NA,NA,NA,3.2,2.3,3.8
DEU,2019,NA,NA,NA,NA,NA,3.2,2.3,3.7
DJI,2000,25,yes,NA,NA,507,79.9,43.9,101
DJI,2001,NA,NA,NA,NA,490,78.2,43.4,98.6
DJI,2002,NA,NA,NA,NA,470,76.5,42.7,96.1
DJI,2003,NA,NA,NA,NA,449,74.7,42.1,93.6
DJI,2004,NA,NA,NA,NA,426,72.9,41.6,91.1
DJI,2005,NA,NA,1,0,393,71.2,40.9,88.7
DJI,2006,NA,NA,NA,NA,361,69.4,40.3,86.1
DJI,2007,NA,NA,1,0,335,67.6,39.7,83.6
DJI,2008,NA,NA,1,0,320,65.9,39,81.2
DJI,2009,35,yes,NA,NA,299,64.2,38.4,78.8
DJI,2010,NA,NA,1,0,283,62.5,37.6,76.6
DJI,2011,NA,NA,NA,NA,272,60.9,37,74.4
DJI,2012,NA,NA,NA,NA,262,59.3,36.3,72.2
DJI,2013,NA,NA,NA,NA,256,57.8,35.4,70.1
DJI,2014,NA,NA,NA,NA,256,56.2,34.7,68
DJI,2015,1,no,NA,NA,247,54.6,34,65.8
DJI,2016,NA,NA,NA,NA,246,53.1,33.2,63.8
DJI,2017,NA,NA,NA,NA,248,51.6,32.5,61.8
DJI,2018,NA,NA,NA,NA,NA,50.1,31.8,59.7
DJI,2019,6,no,NA,NA,NA,48.6,31.1,57.8
DMA,2000,NA,NA,NA,NA,NA,14.1,12.9,16.9
DMA,2001,NA,NA,NA,NA,NA,14.5,13.3,17.3
DMA,2002,NA,NA,NA,NA,NA,14.9,13.8,17.8
DMA,2003,NA,NA,NA,NA,NA,15.5,14.4,18.4
DMA,2004,NA,NA,0,1,NA,16.1,14.9,19
DMA,2005,NA,NA,NA,NA,NA,16.8,15.6,19.7
DMA,2006,NA,NA,NA,NA,NA,17.5,16.2,20.5
DMA,2007,NA,NA,NA,NA,NA,18.3,17,21.4
DMA,2008,NA,NA,NA,NA,NA,19.2,17.8,22.3
DMA,2009,NA,NA,NA,NA,NA,20.2,18.7,23.4
DMA,2010,NA,NA,NA,NA,NA,21.3,19.6,24.6
DMA,2011,NA,NA,NA,NA,NA,22.5,20.7,25.8
DMA,2012,NA,NA,NA,NA,NA,23.7,21.7,27.1
DMA,2013,NA,NA,NA,NA,NA,25,22.8,28.4
DMA,2014,NA,NA,NA,NA,NA,26.2,23.9,29.8
DMA,2015,NA,NA,NA,NA,NA,27.5,25,31.1
DMA,2016,NA,NA,NA,NA,NA,28.7,26.1,32.4
DMA,2017,NA,NA,NA,NA,NA,29.7,27.2,33.5
DMA,2018,NA,NA,NA,NA,NA,30.6,28.3,34.4
DMA,2019,NA,NA,NA,NA,NA,31.2,29.2,35
DNK,2000,NA,NA,NA,NA,8,4.7,3.5,5.7
DNK,2001,NA,NA,NA,NA,8,4.7,3.4,5.6
DNK,2002,NA,NA,NA,NA,8,4.6,3.2,5.5
DNK,2003,NA,NA,NA,NA,7,4.5,3.2,5.4
DNK,2004,NA,NA,NA,NA,7,4.3,3.1,5.2
DNK,2005,NA,NA,NA,NA,6,4.2,3.1,5
DNK,2006,NA,NA,NA,NA,6,4,3,4.8
DNK,2007,NA,NA,NA,NA,6,3.8,2.9,4.5
DNK,2008,NA,NA,NA,NA,6,3.7,2.8,4.4
DNK,2009,NA,NA,NA,NA,6,3.6,2.8,4.2
DNK,2010,NA,NA,NA,NA,5,3.5,2.8,4.1
DNK,2011,NA,NA,NA,NA,5,3.4,2.9,4.1
DNK,2012,NA,NA,NA,NA,5,3.5,3,4.1
DNK,2013,NA,NA,NA,NA,4,3.5,3,4.1
DNK,2014,NA,NA,NA,NA,4,3.5,3,4.1
DNK,2015,NA,NA,NA,NA,4,3.5,3,4.1
DNK,2016,NA,NA,NA,NA,4,3.5,2.9,4.1
DNK,2017,NA,NA,NA,NA,4,3.4,2.8,4
DNK,2018,NA,NA,NA,NA,NA,3.3,2.7,3.9
DNK,2019,NA,NA,NA,NA,NA,3.2,2.6,3.7
DOM,2000,NA,NA,NA,NA,80,32.4,23.3,40
DOM,2001,NA,NA,NA,NA,75,31.7,23.2,39
DOM,2002,NA,NA,NA,NA,75,31.1,23.1,38.1
DOM,2003,NA,NA,0,1,76,30.6,23.1,37.4
DOM,2004,NA,NA,NA,NA,81,30.1,23.2,36.9
DOM,2005,NA,NA,NA,NA,83,29.8,23.4,36.4
DOM,2006,NA,NA,NA,NA,86,29.5,23.6,36
DOM,2007,NA,NA,NA,NA,90,29.3,23.8,35.7
DOM,2008,NA,NA,NA,NA,92,29.1,24,35.5
DOM,2009,NA,NA,NA,NA,95,29,24.1,35.3
DOM,2010,NA,NA,NA,NA,96,28.9,24.2,35.1
DOM,2011,NA,NA,NA,NA,95,28.8,24.3,35
DOM,2012,NA,NA,NA,NA,94,28.8,24.3,35
DOM,2013,NA,NA,NA,NA,94,28.8,24.3,35
DOM,2014,NA,NA,NA,NA,94,28.8,24.4,35
DOM,2015,NA,NA,NA,NA,94,28.8,24.4,35
DOM,2016,NA,NA,NA,NA,94,28.8,24.5,35
DOM,2017,NA,NA,NA,NA,95,28.7,24.4,34.9
DOM,2018,NA,NA,NA,NA,NA,28.6,24.2,34.8
DOM,2019,NA,NA,NA,NA,NA,28.3,23.9,34.4
DZA,2000,1168,yes,NA,NA,161,33.9,21.1,39.7
DZA,2001,1193,yes,NA,NA,155,33.3,21.1,38.9
DZA,2002,674,yes,NA,NA,148,32.4,20.9,37.8
DZA,2003,1058,yes,0,1,145,31.3,20.8,36.5
DZA,2003,1058,yes,0,1,145,31.3,20.8,36.5
DZA,2004,714,yes,0,1,134,30.1,20.4,35.1
DZA,2004,714,yes,0,1,134,30.1,20.4,35.1
DZA,2005,500,yes,NA,NA,127,28.8,20.1,33.6
DZA,2006,232,yes,0,1,122,27.6,19.8,32.1
DZA,2007,292,yes,NA,NA,119,26.4,19.4,30.7
DZA,2008,495,yes,NA,NA,117,25.3,18.9,29.5
DZA,2009,345,yes,NA,NA,117,24.4,18.2,28.4
DZA,2010,541,yes,NA,NA,115,23.6,17.5,27.4
DZA,2011,252,yes,NA,NA,116,22.9,17.1,26.7
DZA,2012,276,yes,NA,NA,116,22.5,16.9,26.2
DZA,2013,264,yes,NA,NA,115,22.1,16.4,25.8
DZA,2014,222,yes,0,1,114,21.9,15.7,25.5
DZA,2015,111,yes,NA,NA,114,21.6,15.1,25.2
DZA,2016,110,yes,NA,NA,113,21.3,15.1,24.8
DZA,2017,89,yes,NA,NA,112,20.9,15.6,24.3
DZA,2018,77,yes,NA,NA,NA,20.4,16,23.8
DZA,2019,35,yes,NA,NA,NA,20,16.3,23.3
ECU,2000,NA,NA,NA,NA,122,24.7,14.1,29.5
ECU,2001,NA,NA,NA,NA,117,23.4,13.4,28
ECU,2002,2,no,NA,NA,110,22.4,12.7,26.6
ECU,2003,NA,NA,NA,NA,100,21.5,12.1,25.4
ECU,2004,26,yes,NA,NA,94,20.7,11.6,24.4
ECU,2005,NA,NA,NA,NA,94,19.9,11.1,23.5
ECU,2006,NA,NA,NA,NA,90,19.2,10.6,22.6
ECU,2007,NA,NA,NA,NA,85,18.5,10.2,21.7
ECU,2008,NA,NA,NA,NA,82,17.7,9.7,20.8
ECU,2009,25,yes,1,0,80,17,9.3,19.9
ECU,2010,NA,NA,NA,NA,78,16.3,8.9,19
ECU,2011,NA,NA,NA,NA,76,15.6,8.5,18.1
ECU,2012,NA,NA,NA,NA,71,14.9,8.1,17.3
ECU,2013,NA,NA,1,0,67,14.3,7.8,16.6
ECU,2014,NA,NA,0,1,65,13.7,7.5,15.9
ECU,2015,NA,NA,NA,NA,63,13.2,7.3,15.4
ECU,2016,NA,NA,0,1,61,12.8,7.1,14.8
ECU,2016,NA,NA,0,1,61,12.8,7.1,14.8
ECU,2017,NA,NA,NA,NA,59,12.4,6.9,14.4
ECU,2018,NA,NA,NA,NA,NA,12,6.9,13.9
ECU,2019,NA,NA,0,1,NA,11.6,6.8,13.4
ECU,2019,NA,NA,0,1,NA,11.6,6.8,13.4
EGY,2000,4,no,NA,NA,64,37.1,22.4,46.6
EGY,2001,5,no,NA,NA,63,35.2,21.7,43.9
EGY,2002,NA,NA,0,1,60,33.5,21,41.5
EGY,2003,NA,NA,NA,NA,57,32,20.3,39.4
EGY,2004,NA,NA,NA,NA,54,30.6,19.7,37.5
EGY,2005,35,yes,NA,NA,52,29.3,19,35.7
EGY,2006,124,yes,NA,NA,50,28.2,18.2,34.2
EGY,2007,2,no,NA,NA,47,27.1,17.5,32.7
EGY,2008,NA,NA,NA,NA,45,26,16.7,31.3
EGY,2009,2,no,NA,NA,45,25,16,29.9
EGY,2010,1,no,NA,NA,45,24,15.2,28.7
EGY,2011,1,no,NA,NA,42,23.1,14.6,27.5
EGY,2012,31,yes,NA,NA,42,22.2,13.9,26.3
EGY,2013,75,yes,NA,NA,40,21.3,13.4,25.3
EGY,2014,135,yes,NA,NA,39,20.5,12.8,24.3
EGY,2015,249,yes,NA,NA,39,19.8,12.3,23.3
EGY,2016,991,yes,NA,NA,38,19.1,11.9,22.5
EGY,2017,404,yes,NA,NA,37,18.5,11.5,21.7
EGY,2018,902,yes,NA,NA,NA,17.8,11.1,20.9
EGY,2019,692,yes,NA,NA,NA,17.2,10.7,20.1
ERI,2000,17203,yes,NA,NA,1280,56.1,27,85.2
ERI,2001,1793,yes,NA,NA,1180,53.8,26.5,81.1
ERI,2002,NA,NA,NA,NA,1130,51.6,26.1,77.3
ERI,2003,NA,NA,NA,NA,1060,49.6,25.6,73.8
ERI,2004,57,yes,NA,NA,938,47.8,25.2,70.5
ERI,2005,NA,NA,NA,NA,804,46.1,24.7,67.5
ERI,2006,NA,NA,NA,NA,705,44.5,24.2,64.6
ERI,2007,NA,NA,NA,NA,635,43,23.7,61.9
ERI,2008,NA,NA,1,0,605,41.5,23.2,59.4
ERI,2009,0,no,NA,NA,583,40.2,22.6,57.1
ERI,2010,NA,NA,NA,NA,567,39,22.1,55.1
ERI,2011,NA,NA,NA,NA,558,37.9,21.5,53.1
ERI,2012,NA,NA,NA,NA,549,36.8,21.1,51.2
ERI,2013,NA,NA,NA,NA,540,35.8,20.6,49.5
ERI,2014,NA,NA,NA,NA,530,34.9,20.2,47.9
ERI,2015,NA,NA,NA,NA,518,34,19.7,46.3
ERI,2016,NA,NA,NA,NA,498,33.1,19.3,44.8
ERI,2017,25,yes,NA,NA,480,32.2,18.9,43.3
ERI,2018,NA,NA,NA,NA,NA,31.3,18.5,41.9
ERI,2019,NA,NA,NA,NA,NA,30.5,18.1,40.6
ESP,2000,NA,NA,NA,NA,5,4.4,2.8,5.4
ESP,2001,20,no,NA,NA,5,4.3,2.7,5.3
ESP,2002,13,no,NA,NA,5,4.2,2.7,5.1
ESP,2003,5,no,NA,NA,5,4.1,2.6,5
ESP,2004,3,no,NA,NA,5,3.9,2.5,4.9
ESP,2005,191,yes,NA,NA,5,3.8,2.4,4.7
ESP,2006,NA,NA,NA,NA,4,3.7,2.3,4.5
ESP,2007,NA,NA,NA,NA,4,3.6,2.2,4.4
ESP,2008,NA,NA,NA,NA,4,3.4,2.2,4.2
ESP,2009,2,no,NA,NA,4,3.3,2.1,4
ESP,2010,3,no,NA,NA,4,3.1,2.1,3.8
ESP,2011,NA,NA,0,1,4,3,2.1,3.7
ESP,2012,1,no,NA,NA,4,2.9,2.1,3.6
ESP,2013,NA,NA,NA,NA,4,2.8,2,3.5
ESP,2014,NA,NA,NA,NA,4,2.8,2,3.4
ESP,2015,NA,NA,NA,NA,4,2.7,1.9,3.3
ESP,2016,NA,NA,NA,NA,4,2.7,1.9,3.3
ESP,2017,NA,NA,NA,NA,4,2.7,1.9,3.3
ESP,2018,16,no,NA,NA,NA,2.7,1.8,3.3
ESP,2019,NA,NA,NA,NA,NA,2.7,1.8,3.3
EST,2000,NA,NA,NA,NA,29,8.7,5.3,10.9
EST,2001,NA,NA,NA,NA,27,8,4.8,10.1
EST,2002,NA,NA,NA,NA,25,7.3,4.4,9.3
EST,2003,NA,NA,NA,NA,20,6.7,4,8.5
EST,2004,NA,NA,NA,NA,18,6.2,3.7,7.8
EST,2005,NA,NA,NA,NA,18,5.7,3.4,7.2
EST,2006,NA,NA,NA,NA,16,5.2,3.1,6.6
EST,2007,NA,NA,NA,NA,17,4.7,2.8,6
EST,2008,NA,NA,NA,NA,14,4.3,2.5,5.5
EST,2009,NA,NA,NA,NA,14,4,2.3,5
EST,2010,NA,NA,NA,NA,11,3.6,2.1,4.6
EST,2011,NA,NA,NA,NA,13,3.3,1.9,4.2
EST,2012,NA,NA,NA,NA,12,3,1.7,3.9
EST,2013,NA,NA,NA,NA,10,2.8,1.6,3.6
EST,2014,NA,NA,NA,NA,11,2.6,1.5,3.3
EST,2015,NA,NA,NA,NA,10,2.4,1.4,3.1
EST,2016,NA,NA,NA,NA,11,2.2,1.3,2.8
EST,2017,NA,NA,NA,NA,9,2.1,1.2,2.6
EST,2018,NA,NA,NA,NA,NA,1.9,1.1,2.4
EST,2019,NA,NA,NA,NA,NA,1.8,1,2.3
ETH,2000,30786,yes,NA,NA,1030,87.2,48.6,140.7
ETH,2001,48666,yes,NA,NA,988,83.8,47.8,134.6
ETH,2002,388,yes,NA,NA,985,80.3,46.8,128.3
ETH,2003,809,yes,1,0,972,76.7,45.8,121.8
ETH,2004,1093,yes,NA,NA,929,73.1,44.8,115.3
ETH,2005,475,yes,1,0,865,69.5,43.7,108.9
ETH,2006,290,yes,NA,NA,795,66.1,42.6,102.8
ETH,2007,430,yes,NA,NA,731,62.8,41.4,97
ETH,2008,500,yes,1,0,681,59.8,40.2,91.6
ETH,2009,311,yes,1,0,638,57,39.1,86.7
ETH,2010,590,yes,1,0,597,54.3,37.9,82
ETH,2011,152,yes,1,0,558,51.9,36.7,77.7
ETH,2012,66,yes,NA,NA,527,49.5,35.5,73.5
ETH,2013,385,yes,NA,NA,498,47.3,34.3,69.6
ETH,2014,88,yes,NA,NA,472,45.2,33.1,65.9
ETH,2015,39,yes,1,0,446,43.2,31.9,62.4
ETH,2016,307,yes,NA,NA,422,41.3,30.7,59
ETH,2017,529,yes,NA,NA,401,39.5,29.7,55.9
ETH,2018,475,yes,NA,NA,NA,38,28.7,53.2
ETH,2019,687,yes,NA,NA,NA,36.6,27.8,50.8
FIN,2000,NA,NA,NA,NA,6,3.5,2.5,4.3
FIN,2001,NA,NA,NA,NA,5,3.4,2.4,4.2
FIN,2002,NA,NA,NA,NA,5,3.3,2.3,4.1
FIN,2003,NA,NA,NA,NA,5,3.3,2.2,4
FIN,2004,NA,NA,NA,NA,5,3.2,2.1,3.9
FIN,2005,NA,NA,NA,NA,5,3.1,2.1,3.7
FIN,2006,NA,NA,NA,NA,4,3,2,3.6
FIN,2007,NA,NA,NA,NA,4,2.8,1.9,3.5
FIN,2008,NA,NA,NA,NA,4,2.7,1.8,3.3
FIN,2009,NA,NA,NA,NA,4,2.6,1.8,3.2
FIN,2010,NA,NA,NA,NA,4,2.5,1.7,3
FIN,2011,NA,NA,NA,NA,4,2.4,1.6,2.9
FIN,2012,NA,NA,NA,NA,4,2.3,1.5,2.8
FIN,2013,NA,NA,NA,NA,4,2.2,1.4,2.7
FIN,2014,NA,NA,NA,NA,3,2.1,1.4,2.6
FIN,2015,NA,NA,NA,NA,3,2,1.4,2.5
FIN,2016,NA,NA,NA,NA,3,2,1.4,2.4
FIN,2017,NA,NA,NA,NA,3,2,1.4,2.4
FIN,2018,NA,NA,NA,NA,NA,1.9,1.4,2.4
FIN,2019,NA,NA,NA,NA,NA,1.9,1.4,2.3
FJI,2000,NA,NA,NA,NA,51,19.1,10.1,22.4
FJI,2001,NA,NA,NA,NA,49,19,10.2,22.3
FJI,2002,NA,NA,NA,NA,48,19,10.5,22.4
FJI,2003,NA,NA,NA,NA,48,19.2,11,22.5
FJI,2004,NA,NA,NA,NA,47,19.4,11.4,22.8
FJI,2005,NA,NA,NA,NA,46,19.7,11.6,23.1
FJI,2006,NA,NA,NA,NA,44,19.9,11.5,23.4
FJI,2007,NA,NA,NA,NA,43,20.1,11,23.7
FJI,2008,NA,NA,NA,NA,42,20.2,10.3,23.8
FJI,2009,NA,NA,NA,NA,40,20.1,9.7,23.7
FJI,2010,NA,NA,NA,NA,39,20,9.3,23.6
FJI,2011,NA,NA,NA,NA,38,20,9,23.6
FJI,2012,NA,NA,NA,NA,38,20,9,23.5
FJI,2013,NA,NA,NA,NA,37,20.1,9.1,23.7
FJI,2014,NA,NA,NA,NA,36,20.3,9.4,23.9
FJI,2015,NA,NA,1,0,35,20.6,9.8,24.4
FJI,2016,NA,NA,NA,NA,34,21.1,10.2,24.9
FJI,2017,NA,NA,NA,NA,34,21.5,10.6,25.5
FJI,2018,NA,NA,NA,NA,NA,22.1,11,26.2
FJI,2019,NA,NA,NA,NA,NA,22.6,11.4,26.9
FRA,2000,NA,NA,NA,NA,10,4.1,2.8,5.4
FRA,2001,NA,NA,NA,NA,10,3.9,2.7,5.3
FRA,2002,NA,NA,NA,NA,10,3.7,2.7,5.1
FRA,2003,NA,NA,NA,NA,9,3.6,2.6,4.9
FRA,2004,NA,NA,NA,NA,9,3.4,2.5,4.8
FRA,2005,NA,NA,NA,NA,9,3.3,2.4,4.6
FRA,2006,NA,NA,NA,NA,9,3.3,2.4,4.5
FRA,2007,NA,NA,NA,NA,9,3.2,2.4,4.4
FRA,2008,2,no,NA,NA,9,3.2,2.4,4.4
FRA,2009,NA,NA,NA,NA,9,3.1,2.4,4.3
FRA,2010,NA,NA,NA,NA,9,3.1,2.3,4.2
FRA,2011,NA,NA,NA,NA,9,3.1,2.3,4.2
FRA,2012,NA,NA,NA,NA,9,3.1,2.3,4.1
FRA,2013,4,no,NA,NA,9,3.1,2.3,4.1
FRA,2014,NA,NA,NA,NA,8,3.1,2.4,4.1
FRA,2015,NA,NA,NA,NA,8,3.2,2.4,4.2
FRA,2016,133,yes,NA,NA,8,3.2,2.5,4.2
FRA,2017,87,yes,NA,NA,8,3.3,2.6,4.3
FRA,2018,2,no,NA,NA,NA,3.4,2.6,4.3
FRA,2019,13,no,0,1,NA,3.4,2.6,4.3
FSM,2000,NA,NA,NA,NA,154,30.8,20,37.8
FSM,2001,NA,NA,NA,NA,150,30,19.6,36.7
FSM,2002,NA,NA,NA,NA,163,29.4,19.2,35.9
FSM,2003,NA,NA,NA,NA,141,29,18.8,35.2
FSM,2004,NA,NA,NA,NA,137,28.7,18.6,34.8
FSM,2005,NA,NA,NA,NA,133,28.6,18.5,34.7
FSM,2006,NA,NA,NA,NA,128,28.5,18.4,34.6
FSM,2007,NA,NA,NA,NA,123,28.4,18.3,34.5
FSM,2008,NA,NA,NA,NA,118,28.2,18.2,34.2
FSM,2009,NA,NA,NA,NA,114,27.8,17.9,33.7
FSM,2010,NA,NA,NA,NA,110,27.4,17.5,33.1
FSM,2011,NA,NA,NA,NA,106,26.8,17.1,32.3
FSM,2012,NA,NA,NA,NA,103,26.2,16.7,31.6
FSM,2013,NA,NA,NA,NA,99,25.6,16.2,30.7
FSM,2014,NA,NA,NA,NA,96,24.9,15.6,29.9
FSM,2015,NA,NA,NA,NA,95,24.2,15.2,28.9
FSM,2016,NA,NA,1,0,90,23.5,14.7,28
FSM,2017,NA,NA,NA,NA,88,22.7,14.2,27
FSM,2018,NA,NA,NA,NA,NA,22.1,13.7,26.2
FSM,2019,NA,NA,NA,NA,NA,21.5,13.3,25.4
GAB,2000,NA,NA,NA,NA,380,53.3,26.9,82.9
GAB,2001,NA,NA,NA,NA,370,52.3,26.6,81.4
GAB,2002,NA,NA,NA,NA,361,51.2,26.3,79.6
GAB,2003,NA,NA,NA,NA,356,50.2,26,77.8
GAB,2004,NA,NA,NA,NA,354,49,25.7,75.8
GAB,2005,NA,NA,NA,NA,348,47.7,25.4,73.6
GAB,2006,NA,NA,NA,NA,340,46.6,25.1,71.6
GAB,2007,NA,NA,NA,NA,336,45.2,24.8,69.2
GAB,2008,NA,NA,NA,NA,332,43.9,24.5,66.7
GAB,2009,NA,NA,NA,NA,324,42.9,24.2,64.2
GAB,2010,NA,NA,NA,NA,314,41.6,23.8,61.7
GAB,2011,NA,NA,NA,NA,304,40.4,23.5,59.3
GAB,2012,NA,NA,NA,NA,292,39.1,23.1,57.1
GAB,2013,NA,NA,NA,NA,277,37.9,22.7,54.9
GAB,2014,NA,NA,NA,NA,267,37.2,22.2,52.8
GAB,2015,NA,NA,NA,NA,261,36.1,21.8,50.3
GAB,2016,NA,NA,NA,NA,256,34.6,21.3,47.4
GAB,2017,NA,NA,NA,NA,252,33.7,20.9,45.5
GAB,2018,NA,NA,NA,NA,NA,32.5,20.5,44.1
GAB,2019,NA,NA,NA,NA,NA,31.5,20.1,43
GBR,2000,NA,NA,NA,NA,10,5.6,3.8,6.5
GBR,2001,1,no,NA,NA,11,5.5,3.7,6.4
GBR,2002,1,no,NA,NA,11,5.4,3.6,6.3
GBR,2003,3,no,NA,NA,11,5.3,3.6,6.2
GBR,2004,1,no,NA,NA,11,5.2,3.5,6.1
GBR,2005,1,no,NA,NA,11,5.1,3.5,6
GBR,2006,53,yes,NA,NA,11,5,3.4,5.9
GBR,2007,0,no,0,1,11,4.9,3.3,5.8
GBR,2008,NA,NA,NA,NA,11,4.8,3.2,5.6
GBR,2009,NA,NA,NA,NA,10,4.6,3.1,5.4
GBR,2010,2,no,NA,NA,10,4.4,3,5.2
GBR,2011,NA,NA,NA,NA,9,4.3,3,5
GBR,2012,1,no,NA,NA,8,4.1,2.9,4.8
GBR,2013,NA,NA,NA,NA,8,4,2.8,4.7
GBR,2014,NA,NA,NA,NA,8,3.9,2.7,4.5
GBR,2015,NA,NA,NA,NA,8,3.8,2.7,4.5
GBR,2016,NA,NA,NA,NA,7,3.8,2.7,4.4
GBR,2017,NA,NA,NA,NA,7,3.8,2.8,4.4
GBR,2018,NA,NA,NA,NA,NA,3.7,2.8,4.3
GBR,2019,NA,NA,NA,NA,NA,3.7,2.8,4.3
GEO,2000,NA,NA,1,0,31,31.9,22.8,36.6
GEO,2001,NA,NA,NA,NA,33,29.9,21.7,34.1
GEO,2002,NA,NA,0,1,42,27.7,20.3,31.5
GEO,2003,0,no,NA,NA,37,25.5,18.9,28.8
GEO,2004,NA,NA,NA,NA,38,23.2,17.4,26.2
GEO,2005,27,yes,NA,NA,39,21,15.9,23.6
GEO,2006,NA,NA,NA,NA,33,19,14.5,21.3
GEO,2007,NA,NA,NA,NA,36,17.1,13.2,19.1
GEO,2008,NA,NA,NA,NA,39,15.4,12,17.2
GEO,2009,621,yes,0,1,43,13.9,11,15.6
GEO,2010,NA,NA,NA,NA,32,12.7,10.1,14.2
GEO,2011,3,no,NA,NA,32,11.6,9.3,13
GEO,2012,0,no,NA,NA,30,10.8,8.6,12.1
GEO,2013,NA,NA,NA,NA,30,10.2,8,11.4
GEO,2014,NA,NA,NA,NA,29,9.7,7.3,10.9
GEO,2015,NA,NA,NA,NA,27,9.4,6.7,10.5
GEO,2016,NA,NA,NA,NA,26,9.1,6.2,10.2
GEO,2017,NA,NA,NA,NA,25,8.8,5.8,9.9
GEO,2018,NA,NA,NA,NA,NA,8.7,5.4,9.7
GEO,2019,NA,NA,NA,NA,NA,8.4,5.2,9.5
GHA,2000,NA,NA,NA,NA,484,64.3,35.8,99.7
GHA,2001,30,yes,NA,NA,445,62.1,34.9,95.7
GHA,2002,50,yes,NA,NA,415,59.9,34.2,91.9
GHA,2003,36,yes,NA,NA,398,58,33.5,88.5
GHA,2004,NA,NA,NA,NA,384,56.4,33,85.6
GHA,2005,NA,NA,NA,NA,371,54.9,32.6,83
GHA,2006,NA,NA,NA,NA,359,53.5,32.2,80.6
GHA,2007,NA,NA,NA,NA,349,52.1,31.7,78
GHA,2008,NA,NA,NA,NA,342,50.5,31.2,75.3
GHA,2009,55,yes,NA,NA,339,48.8,30.5,72.3
GHA,2010,8,no,NA,NA,339,47,29.8,69.1
GHA,2011,1,no,NA,NA,339,45.2,29,65.9
GHA,2012,NA,NA,NA,NA,336,43.4,28.2,62.7
GHA,2013,NA,NA,NA,NA,331,41.8,27.5,59.8
GHA,2014,NA,NA,NA,NA,325,40.2,26.8,57.1
GHA,2015,NA,NA,NA,NA,320,38.8,26,54.6
GHA,2016,NA,NA,NA,NA,314,37.4,25.4,52.2
GHA,2017,NA,NA,NA,NA,308,36.2,24.7,50.1
GHA,2018,NA,NA,NA,NA,NA,35,24.1,48.1
GHA,2019,NA,NA,NA,NA,NA,34,23.5,46.4
GIN,2000,13,no,NA,NA,1020,99.9,45.5,164.2
GIN,2001,256,yes,NA,NA,1070,96.2,43.4,157.4
GIN,2002,430,yes,NA,NA,1090,92.7,41.9,150.9
GIN,2003,NA,NA,NA,NA,1080,89.5,40.7,144.9
GIN,2004,NA,NA,NA,NA,1020,86.5,39.6,139.5
GIN,2005,NA,NA,NA,NA,920,83.9,38.5,134.7
GIN,2006,3,no,NA,NA,831,81.5,37.4,130.4
GIN,2007,15,no,NA,NA,772,79.4,36.5,126.6
GIN,2008,45,yes,NA,NA,754,77.6,35.8,123.3
GIN,2009,NA,NA,NA,NA,750,75.9,35.3,120.3
GIN,2010,160,yes,NA,NA,747,74.4,34.7,117.7
GIN,2011,1,no,NA,NA,748,73.1,34.2,115.3
GIN,2012,25,yes,NA,NA,744,71.8,33.6,113
GIN,2013,9,no,NA,NA,731,70.5,33,110.7
GIN,2014,98,yes,NA,NA,767,69.5,32.4,109.2
GIN,2015,NA,NA,NA,NA,699,68.4,31.9,107.3
GIN,2016,3,no,NA,NA,621,67.1,31.4,104.6
GIN,2017,NA,NA,NA,NA,576,66,31.1,102.6
GIN,2018,NA,NA,NA,NA,NA,64.7,30.7,100.4
GIN,2019,NA,NA,NA,NA,NA,63.4,30.3,98
GMB,2000,NA,NA,NA,NA,932,61.6,40.6,113.4
GMB,2001,NA,NA,NA,NA,905,59.8,39.8,108.7
GMB,2002,NA,NA,1,0,876,58.1,39.1,104.2
GMB,2003,NA,NA,NA,NA,843,56.4,38.4,99.8
GMB,2004,NA,NA,NA,NA,802,54.7,37.7,95.6
GMB,2005,1,no,NA,NA,756,53.1,37,91.5
GMB,2006,8,no,NA,NA,716,51.5,36.3,87.6
GMB,2007,NA,NA,NA,NA,690,50,35.5,83.8
GMB,2008,NA,NA,NA,NA,675,48.6,34.7,80.3
GMB,2009,NA,NA,NA,NA,668,47.1,33.9,76.8
GMB,2010,NA,NA,NA,NA,661,45.8,33.1,73.6
GMB,2011,NA,NA,NA,NA,656,44.5,32.4,70.6
GMB,2012,NA,NA,1,0,650,43.2,31.7,67.7
GMB,2013,1,no,NA,NA,644,42,30.9,65
GMB,2014,NA,NA,NA,NA,637,40.9,30.1,62.4
GMB,2015,NA,NA,1,0,625,39.7,29.4,59.8
GMB,2016,NA,NA,NA,NA,611,38.6,28.5,57.4
GMB,2017,NA,NA,NA,NA,597,37.5,27.8,55.1
GMB,2018,NA,NA,NA,NA,NA,36.5,27.1,53.1
GMB,2019,NA,NA,NA,NA,NA,35.6,26.4,51.2
GNB,2000,199,yes,NA,NA,1210,105,55.3,173.8
GNB,2001,0,no,NA,NA,1180,102.1,54.2,168.4
GNB,2002,NA,NA,1,0,1150,99.1,53.3,162.8
GNB,2003,NA,NA,NA,NA,1110,95.9,52.5,156.8
GNB,2004,NA,NA,NA,NA,1050,92.6,51.7,150.7
GNB,2005,NA,NA,NA,NA,979,89.2,50.9,144.5
GNB,2006,NA,NA,1,0,912,85.9,49.8,138.3
GNB,2007,NA,NA,NA,NA,860,82.5,48.7,132.2
GNB,2008,NA,NA,NA,NA,827,79.1,47.5,126.1
GNB,2009,NA,NA,NA,NA,800,75.9,46.2,120.2
GNB,2010,NA,NA,NA,NA,779,72.6,44.8,114.5
GNB,2011,NA,NA,NA,NA,762,69.6,43.6,109.1
GNB,2012,NA,NA,NA,NA,744,66.8,42.3,104.2
GNB,2013,NA,NA,NA,NA,726,64.3,41.2,99.7
GNB,2014,NA,NA,NA,NA,711,62.1,40.2,95.7
GNB,2015,NA,NA,NA,NA,694,60,39.2,92.1
GNB,2016,NA,NA,NA,NA,679,58.1,38.4,88.7
GNB,2017,NA,NA,NA,NA,667,56.3,37.5,85.5
GNB,2018,NA,NA,NA,NA,NA,54.6,36.7,82.5
GNB,2019,NA,NA,NA,NA,NA,53,35.9,79.6
GNQ,2000,NA,NA,NA,NA,454,107.1,44.3,155.7
GNQ,2001,NA,NA,NA,NA,421,104.4,43.7,151.4
GNQ,2002,NA,NA,NA,NA,392,101.7,42.9,147.1
GNQ,2003,NA,NA,NA,NA,370,99,42.1,142.8
GNQ,2004,NA,NA,NA,NA,357,96.1,41.2,138.2
GNQ,2005,NA,NA,NA,NA,344,93.2,40.2,133.5
GNQ,2006,NA,NA,NA,NA,331,90.3,39.1,129
GNQ,2007,NA,NA,NA,NA,322,87.4,37.9,124.4
GNQ,2008,NA,NA,NA,NA,314,84.5,36.9,119.7
GNQ,2009,NA,NA,NA,NA,310,81.7,35.9,115.3
GNQ,2010,NA,NA,NA,NA,308,79.1,35.1,111.2
GNQ,2011,NA,NA,NA,NA,308,76.7,34.3,107.4
GNQ,2012,NA,NA,NA,NA,305,74.3,33.7,103.6
GNQ,2013,NA,NA,NA,NA,300,72.1,33,100.2
GNQ,2014,NA,NA,NA,NA,295,69.9,32.5,96.8
GNQ,2015,NA,NA,NA,NA,296,67.6,31.8,93.2
GNQ,2016,NA,NA,NA,NA,301,65.6,31.2,90
GNQ,2017,NA,NA,NA,NA,301,63.6,30.5,86.9
GNQ,2018,NA,NA,NA,NA,NA,61.7,29.9,83.9
GNQ,2019,NA,NA,NA,NA,NA,60,29.2,81.2
GRC,2000,NA,NA,0,1,3,5.6,3.9,6.4
GRC,2001,NA,NA,0,1,3,5.2,3.6,6
GRC,2002,NA,NA,0,1,3,4.9,3.3,5.6
GRC,2003,NA,NA,0,1,3,4.6,3,5.2
GRC,2004,NA,NA,NA,NA,3,4.3,2.7,4.9
GRC,2005,NA,NA,NA,NA,3,4,2.5,4.6
GRC,2006,NA,NA,NA,NA,3,3.8,2.4,4.3
GRC,2007,NA,NA,NA,NA,3,3.6,2.2,4.1
GRC,2008,NA,NA,0,1,3,3.5,2.1,4
GRC,2009,NA,NA,NA,NA,3,3.4,2.1,3.9
GRC,2010,NA,NA,NA,NA,3,3.4,2.1,3.9
GRC,2011,NA,NA,NA,NA,3,3.5,2.2,4
GRC,2012,NA,NA,NA,NA,3,3.5,2.3,4
GRC,2013,NA,NA,NA,NA,3,3.6,2.4,4.1
GRC,2014,NA,NA,0,1,3,3.7,2.6,4.3
GRC,2014,NA,NA,0,1,3,3.7,2.6,4.3
GRC,2015,NA,NA,NA,NA,3,3.8,2.6,4.4
GRC,2016,NA,NA,NA,NA,3,3.9,2.6,4.4
GRC,2017,NA,NA,0,1,3,3.8,2.6,4.3
GRC,2017,NA,NA,0,1,3,3.8,2.6,4.3
GRC,2018,NA,NA,NA,NA,NA,3.7,2.5,4.2
GRC,2019,NA,NA,NA,NA,NA,3.7,2.5,4.2
GRD,2000,NA,NA,NA,NA,38,12.9,8,15.5
GRD,2001,NA,NA,NA,NA,36,12.8,8,15.2
GRD,2002,NA,NA,NA,NA,34,12.6,8,15
GRD,2003,NA,NA,NA,NA,34,12.5,8,14.8
GRD,2004,NA,NA,NA,NA,38,12.5,8,14.7
GRD,2005,NA,NA,NA,NA,33,12.4,8,14.6
GRD,2006,NA,NA,NA,NA,31,12.5,8,14.6
GRD,2007,NA,NA,NA,NA,31,12.5,8.1,14.6
GRD,2008,NA,NA,NA,NA,30,12.7,8.3,14.7
GRD,2009,NA,NA,NA,NA,30,12.8,8.6,14.9
GRD,2010,NA,NA,1,0,29,13,8.9,15.1
GRD,2011,NA,NA,NA,NA,28,13.3,9.3,15.3
GRD,2012,NA,NA,NA,NA,28,13.5,9.7,15.5
GRD,2013,NA,NA,NA,NA,27,13.8,10.1,15.8
GRD,2014,NA,NA,NA,NA,26,14,10.5,16
GRD,2015,NA,NA,NA,NA,25,14.3,10.7,16.2
GRD,2016,NA,NA,NA,NA,25,14.5,10.9,16.4
GRD,2017,NA,NA,NA,NA,25,14.6,11.1,16.6
GRD,2018,NA,NA,NA,NA,NA,14.7,11.1,16.6
GRD,2019,NA,NA,NA,NA,NA,14.7,11.1,16.5
GTM,2000,NA,NA,NA,NA,161,41,21.3,52.1
GTM,2001,NA,NA,0,1,147,39.5,20.7,50.1
GTM,2001,NA,NA,1,0,147,39.5,20.7,50.1
GTM,2002,5,no,NA,NA,145,38.1,20.2,48.1
GTM,2003,2,no,NA,NA,137,36.8,19.7,46.2
GTM,2004,NA,NA,NA,NA,137,35.6,19.1,44.4
GTM,2005,1,no,NA,NA,142,34.3,18.6,42.7
GTM,2006,58,yes,NA,NA,137,33.1,18.2,41
GTM,2007,NA,NA,NA,NA,132,32,17.7,39.4
GTM,2008,5,no,NA,NA,125,30.8,17.3,37.8
GTM,2009,41,yes,1,0,131,29.7,16.8,36.3
GTM,2010,1,no,NA,NA,129,28.6,16.2,34.8
GTM,2011,NA,NA,0,1,122,27.6,15.6,33.4
GTM,2012,27,yes,1,0,118,26.5,15,32
GTM,2012,27,yes,0,1,118,26.5,15,32
GTM,2013,NA,NA,0,1,113,25.6,14.4,30.7
GTM,2014,NA,NA,0,1,107,24.6,13.9,29.5
GTM,2014,NA,NA,1,0,107,24.6,13.9,29.5
GTM,2015,NA,NA,NA,NA,103,23.7,13.4,28.3
GTM,2016,20,no,NA,NA,98,22.9,12.9,27.3
GTM,2017,NA,NA,0,1,95,22.2,12.4,26.4
GTM,2018,NA,NA,1,0,NA,21.4,12,25.4
GTM,2019,NA,NA,NA,NA,NA,20.7,11.5,24.5
GUY,2000,NA,NA,NA,NA,231,37,27,46.4
GUY,2001,NA,NA,NA,NA,216,36.2,26.4,45.2
GUY,2002,NA,NA,NA,NA,227,35.4,26,44.2
GUY,2003,NA,NA,NA,NA,226,34.7,25.5,43.2
GUY,2004,NA,NA,NA,NA,220,34,25.2,42.2
GUY,2005,NA,NA,NA,NA,223,33.4,24.8,41.4
GUY,2006,NA,NA,NA,NA,221,32.8,24.3,40.5
GUY,2007,NA,NA,NA,NA,208,32.2,23.9,39.7
GUY,2008,NA,NA,NA,NA,192,31.7,23.6,39
GUY,2009,29,yes,NA,NA,185,31.1,23.2,38.2
GUY,2010,NA,NA,1,0,179,30.6,22.8,37.4
GUY,2011,NA,NA,NA,NA,180,30,22.4,36.7
GUY,2012,NA,NA,NA,NA,185,29.4,21.9,35.9
GUY,2013,NA,NA,NA,NA,175,28.8,21.4,35
GUY,2014,NA,NA,NA,NA,174,28.1,20.8,34.1
GUY,2015,NA,NA,NA,NA,172,27.4,20.2,33.1
GUY,2016,NA,NA,NA,NA,170,26.6,19.6,32.1
GUY,2017,NA,NA,NA,NA,169,25.9,19.1,31.2
GUY,2018,NA,NA,NA,NA,NA,25.2,18.4,30.2
GUY,2019,NA,NA,NA,NA,NA,24.5,17.9,29.3
HND,2000,9,no,1,0,85,30.3,17.7,37
HND,2001,6,no,1,0,83,29,17.1,35.3
HND,2002,NA,NA,1,0,80,27.8,16.6,33.7
HND,2003,1,no,NA,NA,78,26.6,16.1,32.1
HND,2004,47,yes,1,0,77,25.5,15.6,30.6
HND,2005,30,yes,NA,NA,77,24.4,15.2,29.2
HND,2006,NA,NA,NA,NA,77,23.4,14.7,27.9
HND,2007,NA,NA,0,1,77,22.4,14.2,26.7
HND,2008,NA,NA,NA,NA,76,21.5,13.7,25.5
HND,2009,18,no,0,1,75,20.6,13.2,24.4
HND,2009,18,no,1,0,75,20.6,13.2,24.4
HND,2010,NA,NA,NA,NA,74,19.8,12.7,23.3
HND,2011,58,yes,NA,NA,72,19.1,12.2,22.4
HND,2012,18,no,1,0,70,18.4,11.7,21.5
HND,2013,18,no,NA,NA,69,17.7,11.3,20.7
HND,2014,NA,NA,1,0,68,17.1,10.9,20
HND,2015,21,no,NA,NA,67,16.5,10.5,19.2
HND,2016,NA,NA,NA,NA,65,16,10.1,18.6
HND,2017,10,no,NA,NA,65,15.4,9.8,18
HND,2018,NA,NA,1,0,NA,14.9,9.4,17.4
HND,2019,NA,NA,NA,NA,NA,14.4,9.1,16.8
HRV,2000,NA,NA,NA,NA,11,7.2,5.5,8.3
HRV,2001,NA,NA,NA,NA,10,6.9,5.3,8
HRV,2002,NA,NA,NA,NA,10,6.6,5,7.7
HRV,2003,NA,NA,1,0,10,6.3,4.7,7.3
HRV,2004,NA,NA,NA,NA,10,6.1,4.4,7
HRV,2005,NA,NA,NA,NA,10,5.8,4.2,6.7
HRV,2006,NA,NA,NA,NA,9,5.5,4,6.4
HRV,2007,NA,NA,NA,NA,9,5.3,3.9,6.2
HRV,2008,NA,NA,NA,NA,9,5.1,3.8,5.9
HRV,2009,NA,NA,NA,NA,9,4.9,3.7,5.7
HRV,2010,NA,NA,NA,NA,9,4.7,3.6,5.5
HRV,2011,NA,NA,NA,NA,9,4.5,3.4,5.3
HRV,2012,NA,NA,NA,NA,8,4.4,3.3,5.2
HRV,2013,NA,NA,NA,NA,9,4.3,3.2,5.1
HRV,2014,NA,NA,NA,NA,8,4.3,3.1,5
HRV,2015,NA,NA,NA,NA,8,4.2,3.1,4.9
HRV,2016,NA,NA,NA,NA,7,4.1,3,4.8
HRV,2017,NA,NA,NA,NA,8,4.1,3,4.8
HRV,2018,NA,NA,NA,NA,NA,4,3,4.7
HRV,2019,NA,NA,NA,NA,NA,3.9,3,4.6
HTI,2000,11,no,NA,NA,437,74.5,29.8,103.9
HTI,2001,NA,NA,NA,NA,437,72.3,29.5,100.5
HTI,2002,NA,NA,NA,NA,441,70.3,29.3,97.3
HTI,2003,NA,NA,1,0,446,68.4,29.3,94.4
HTI,2004,NA,NA,NA,NA,513,66.7,29.4,91.8
HTI,2005,231,yes,NA,NA,459,65.3,29.4,89.4
HTI,2006,40,yes,NA,NA,467,63.8,29.3,87.2
HTI,2007,NA,NA,NA,NA,473,62.5,29.2,85.2
HTI,2008,NA,NA,NA,NA,484,61.3,29,83.2
HTI,2009,NA,NA,NA,NA,484,60,28.7,81.2
HTI,2010,NA,NA,0,1,506,102.6,30.6,203.6
HTI,2011,NA,NA,NA,NA,496,57.6,28.3,77.4
HTI,2012,NA,NA,NA,NA,500,56.4,28.1,75.6
HTI,2013,NA,NA,NA,NA,496,55.3,27.8,73.7
HTI,2014,NA,NA,1,0,492,54.1,27.5,71.9
HTI,2015,NA,NA,NA,NA,488,52.8,27.1,69.9
HTI,2016,NA,NA,1,0,489,51.5,26.6,67.9
HTI,2017,NA,NA,NA,NA,480,50.3,26.2,66
HTI,2018,8,no,0,1,NA,49,25.7,64.1
HTI,2019,71,yes,NA,NA,NA,47.8,25.2,62.2
HUN,2000,NA,NA,NA,NA,16,8.7,5.8,10.1
HUN,2001,NA,NA,NA,NA,15,8.2,5.5,9.6
HUN,2002,NA,NA,NA,NA,16,7.6,5.1,9
HUN,2003,NA,NA,1,0,15,7.1,4.8,8.4
HUN,2004,NA,NA,NA,NA,15,6.7,4.4,7.9
HUN,2005,NA,NA,NA,NA,15,6.4,4.1,7.5
HUN,2006,NA,NA,NA,NA,14,6.1,3.9,7.2
HUN,2007,NA,NA,NA,NA,15,5.8,3.8,6.8
HUN,2008,NA,NA,NA,NA,14,5.5,3.6,6.5
HUN,2009,NA,NA,NA,NA,13,5.2,3.5,6.2
HUN,2010,NA,NA,NA,NA,13,5.1,3.4,6
HUN,2011,NA,NA,NA,NA,13,4.9,3.3,5.9
HUN,2012,NA,NA,NA,NA,12,4.8,3.2,5.7
HUN,2013,NA,NA,0,1,12,4.7,3,5.6
HUN,2014,NA,NA,NA,NA,12,4.5,2.9,5.4
HUN,2015,NA,NA,NA,NA,12,4.2,2.7,5.1
HUN,2016,NA,NA,NA,NA,12,4,2.5,4.7
HUN,2017,NA,NA,NA,NA,12,3.7,2.4,4.4
HUN,2018,NA,NA,NA,NA,NA,3.5,2.3,4.2
HUN,2019,NA,NA,NA,NA,NA,3.4,2.2,4.1
IDN,2000,1805,yes,0,1,272,41,22.8,52.2
IDN,2000,1805,yes,0,1,272,41,22.8,52.2
IDN,2000,1805,yes,0,1,272,41,22.8,52.2
IDN,2000,1805,yes,0,1,272,41,22.8,52.2
IDN,2000,1805,yes,0,1,272,41,22.8,52.2
IDN,2001,917,yes,0,1,269,39.4,22.1,49.8
IDN,2001,917,yes,0,1,269,39.4,22.1,49.8
IDN,2002,834,yes,0,1,265,37.8,21.4,47.6
IDN,2002,834,yes,0,1,265,37.8,21.4,47.6
IDN,2002,834,yes,0,1,265,37.8,21.4,47.6
IDN,2002,834,yes,0,1,265,37.8,21.4,47.6
IDN,2003,762,yes,0,1,261,36.4,20.9,45.5
IDN,2003,762,yes,0,1,261,36.4,20.9,45.5
IDN,2003,762,yes,0,1,261,36.4,20.9,45.5
IDN,2003,762,yes,1,0,261,36.4,20.9,45.5
IDN,2004,1068,yes,0,1,264,37.1,20.5,49.6
IDN,2004,1068,yes,0,1,264,37.1,20.5,49.6
IDN,2004,1068,yes,0,1,264,37.1,20.5,49.6
IDN,2004,1068,yes,0,1,264,37.1,20.5,49.6
IDN,2004,1068,yes,0,1,264,37.1,20.5,49.6
IDN,2004,1068,yes,0,1,264,37.1,20.5,49.6
IDN,2005,1082,yes,0,1,252,33.6,19.9,41.7
IDN,2005,1082,yes,0,1,252,33.6,19.9,41.7
IDN,2006,242,yes,0,1,249,32.4,19.5,39.9
IDN,2006,242,yes,0,1,249,32.4,19.5,39.9
IDN,2006,242,yes,0,1,249,32.4,19.5,39.9
IDN,2006,242,yes,0,1,249,32.4,19.5,39.9
IDN,2006,242,yes,0,1,249,32.4,19.5,39.9
IDN,2007,13,no,0,1,243,31.2,19.1,38.3
IDN,2007,13,no,0,1,243,31.2,19.1,38.3
IDN,2007,13,no,0,1,243,31.2,19.1,38.3
IDN,2007,13,no,0,1,243,31.2,19.1,38.3
IDN,2008,2,no,0,1,239,30,18.7,36.7
IDN,2008,2,no,0,1,239,30,18.7,36.7
IDN,2008,2,no,0,1,239,30,18.7,36.7
IDN,2009,6,no,0,1,234,29,18.1,35.2
IDN,2009,6,no,0,1,234,29,18.1,35.2
IDN,2009,6,no,0,1,234,29,18.1,35.2
IDN,2009,6,no,0,1,234,29,18.1,35.2
IDN,2009,6,no,0,1,234,29,18.1,35.2
IDN,2010,NA,NA,0,1,228,27.9,17.5,33.8
IDN,2010,NA,NA,0,1,228,27.9,17.5,33.8
IDN,2011,NA,NA,0,1,221,26.9,16.8,32.5
IDN,2011,NA,NA,0,1,221,26.9,16.8,32.5
IDN,2012,9,no,0,1,214,25.9,16.1,31.2
IDN,2012,9,no,0,1,214,25.9,16.1,31.2
IDN,2013,1,no,0,1,207,25,15.4,30
IDN,2013,1,no,0,1,207,25,15.4,30
IDN,2013,1,no,0,1,207,25,15.4,30
IDN,2014,20,no,NA,NA,199,24.1,14.8,28.8
IDN,2015,12,no,1,0,192,23.2,14.2,27.7
IDN,2015,12,no,0,1,192,23.2,14.2,27.7
IDN,2016,4,no,0,1,184,22.4,13.6,26.6
IDN,2016,4,no,0,1,184,22.4,13.6,26.6
IDN,2016,4,no,0,1,184,22.4,13.6,26.6
IDN,2017,NA,NA,0,1,177,21.6,13.1,25.6
IDN,2018,2,no,0,1,NA,20.8,12.6,24.6
IDN,2018,2,no,0,1,NA,20.8,12.6,24.6
IDN,2018,2,no,0,1,NA,20.8,12.6,24.6
IDN,2018,2,no,0,1,NA,20.8,12.6,24.6
IDN,2018,2,no,0,1,NA,20.8,12.6,24.6
IDN,2019,32,yes,0,1,NA,20.2,12.2,23.8
IDN,2019,32,yes,0,1,NA,20.2,12.2,23.8
IDN,2019,32,yes,0,1,NA,20.2,12.2,23.8
IDN,2019,32,yes,0,1,NA,20.2,12.2,23.8
IDN,2019,32,yes,0,1,NA,20.2,12.2,23.8
IND,2000,2563,yes,1,0,370,66.7,44.7,91.7
IND,2001,4093,yes,0,1,354,64.4,43.3,88.1
IND,2002,1730,yes,0,1,336,62.1,41.9,84.5
IND,2002,1730,yes,1,0,336,62.1,41.9,84.5
IND,2003,3035,yes,NA,NA,319,60,40.5,81.1
IND,2004,2426,yes,0,1,303,57.8,39.1,77.8
IND,2005,1642,yes,0,1,286,55.7,37.9,74.4
IND,2006,2015,yes,NA,NA,270,53.6,36.6,71.1
IND,2007,2155,yes,NA,NA,255,51.5,35.4,67.9
IND,2008,1720,yes,NA,NA,240,49.4,34.3,64.6
IND,2009,1856,yes,1,0,225,47.2,33.1,61.4
IND,2010,1621,yes,NA,NA,210,45.1,31.8,58.2
IND,2011,1633,yes,0,1,197,43,30.6,55
IND,2012,798,yes,NA,NA,185,40.9,29.4,52
IND,2013,801,yes,0,1,175,38.8,28.2,49
IND,2014,702,yes,NA,NA,166,36.9,27,46.2
IND,2015,734,yes,0,1,158,34.9,25.9,43.5
IND,2015,734,yes,0,1,158,34.9,25.9,43.5
IND,2015,734,yes,0,1,158,34.9,25.9,43.5
IND,2015,734,yes,1,0,158,34.9,25.9,43.5
IND,2016,622,yes,0,1,150,33.1,24.8,41
IND,2017,761,yes,NA,NA,145,31.4,23.7,38.6
IND,2018,847,yes,1,0,NA,29.8,22.7,36.3
IND,2019,950,yes,NA,NA,NA,28.3,21.4,34.4
IRL,2000,NA,NA,NA,NA,7,6,4,7.1
IRL,2001,NA,NA,NA,NA,7,5.8,3.9,6.9
IRL,2002,NA,NA,NA,NA,6,5.5,3.7,6.5
IRL,2003,NA,NA,NA,NA,6,5.1,3.5,6
IRL,2004,NA,NA,NA,NA,6,4.7,3.3,5.6
IRL,2005,NA,NA,NA,NA,7,4.4,3,5.2
IRL,2006,NA,NA,NA,NA,6,4.1,2.8,4.9
IRL,2007,NA,NA,NA,NA,6,3.9,2.6,4.6
IRL,2008,NA,NA,NA,NA,7,3.8,2.5,4.4
IRL,2009,NA,NA,NA,NA,7,3.6,2.5,4.3
IRL,2010,NA,NA,NA,NA,6,3.5,2.5,4.2
IRL,2011,NA,NA,NA,NA,7,3.5,2.5,4.1
IRL,2012,NA,NA,NA,NA,6,3.4,2.5,4
IRL,2013,NA,NA,NA,NA,6,3.3,2.5,3.9
IRL,2014,NA,NA,NA,NA,6,3.3,2.5,3.8
IRL,2015,NA,NA,NA,NA,6,3.2,2.4,3.7
IRL,2016,NA,NA,NA,NA,6,3.1,2.3,3.6
IRL,2017,NA,NA,NA,NA,5,3,2.2,3.4
IRL,2018,NA,NA,NA,NA,NA,2.8,2.2,3.3
IRL,2019,NA,NA,NA,NA,NA,2.7,2.1,3.2
IRN,2000,19,no,0,1,48,29.7,19.5,36.2
IRN,2000,19,no,0,1,48,29.7,19.5,36.2
IRN,2001,41,yes,0,1,44,28.2,18.8,34.2
IRN,2002,112,yes,0,1,41,26.7,18.1,32.2
IRN,2002,112,yes,0,1,41,26.7,18.1,32.2
IRN,2002,112,yes,0,1,41,26.7,18.1,32.2
IRN,2002,112,yes,0,1,41,26.7,18.1,32.2
IRN,2002,112,yes,0,1,41,26.7,18.1,32.2
IRN,2003,NA,NA,0,1,39,25.1,17.4,30.2
IRN,2003,NA,NA,0,1,39,25.1,17.4,30.2
IRN,2003,NA,NA,0,1,39,25.1,17.4,30.2
IRN,2003,NA,NA,0,1,39,25.1,17.4,30.2
IRN,2003,NA,NA,0,1,39,25.1,17.4,30.2
IRN,2004,2,no,0,1,36,23.6,16.7,28.2
IRN,2005,NA,NA,0,1,34,22.2,16,26.4
IRN,2005,NA,NA,0,1,34,22.2,16,26.4
IRN,2005,NA,NA,0,1,34,22.2,16,26.4
IRN,2005,NA,NA,0,1,34,22.2,16,26.4
IRN,2006,53,yes,0,1,32,20.9,15.4,24.7
IRN,2006,53,yes,0,1,32,20.9,15.4,24.7
IRN,2006,53,yes,0,1,32,20.9,15.4,24.7
IRN,2007,61,yes,NA,NA,30,19.7,14.7,23.1
IRN,2008,86,yes,0,1,28,18.5,14,21.7
IRN,2008,86,yes,0,1,28,18.5,14,21.7
IRN,2009,117,yes,0,1,25,17.4,13.3,20.4
IRN,2010,167,yes,0,1,22,16.5,12.6,19.3
IRN,2010,167,yes,0,1,22,16.5,12.6,19.3
IRN,2010,167,yes,0,1,22,16.5,12.6,19.3
IRN,2010,167,yes,0,1,22,16.5,12.6,19.3
IRN,2010,167,yes,0,1,22,16.5,12.6,19.3
IRN,2010,167,yes,0,1,22,16.5,12.6,19.3
IRN,2011,101,yes,NA,NA,19,15.7,11.9,18.3
IRN,2012,220,yes,0,1,18,15,11.3,17.5
IRN,2012,220,yes,0,1,18,15,11.3,17.5
IRN,2012,220,yes,0,1,18,15,11.3,17.5
IRN,2013,17,no,0,1,17,14.4,10.8,16.8
IRN,2013,17,no,0,1,17,14.4,10.8,16.8
IRN,2013,17,no,0,1,17,14.4,10.8,16.8
IRN,2014,11,no,0,1,17,13.8,10.4,16.1
IRN,2014,11,no,0,1,17,13.8,10.4,16.1
IRN,2015,5,no,NA,NA,17,13.3,10,15.5
IRN,2016,25,yes,NA,NA,16,12.8,9.6,14.9
IRN,2017,69,yes,0,1,16,12.4,9.2,14.4
IRN,2017,69,yes,0,1,16,12.4,9.2,14.4
IRN,2017,69,yes,0,1,16,12.4,9.2,14.4
IRN,2018,58,yes,0,1,NA,11.9,8.9,13.9
IRN,2018,58,yes,0,1,NA,11.9,8.9,13.9
IRN,2018,58,yes,0,1,NA,11.9,8.9,13.9
IRN,2019,92,yes,0,1,NA,11.5,8.6,13.4
IRN,2019,92,yes,0,1,NA,11.5,8.6,13.4
IRQ,2000,308,yes,NA,NA,79,35.6,23.9,44.5
IRQ,2001,193,yes,NA,NA,76,34.9,23.6,43.5
IRQ,2002,56,yes,NA,NA,74,34.3,23.3,42.6
IRQ,2003,111,yes,NA,NA,136,33.7,23,41.8
IRQ,2004,8021,yes,NA,NA,122,33.1,22.6,40.9
IRQ,2005,4366,yes,NA,NA,127,32.4,22.2,40
IRQ,2006,3521,yes,NA,NA,158,31.8,21.8,39.1
IRQ,2007,4598,yes,NA,NA,138,31.1,21.4,38.1
IRQ,2008,4489,yes,NA,NA,90,30.3,21,37.1
IRQ,2009,2765,yes,NA,NA,75,29.5,20.5,36
IRQ,2010,1720,yes,NA,NA,70,28.7,19.9,34.9
IRQ,2011,1857,yes,NA,NA,67,27.9,19.3,33.8
IRQ,2012,1399,yes,NA,NA,66,27.1,18.7,32.8
IRQ,2013,1407,yes,NA,NA,75,26.3,18.1,31.7
IRQ,2014,4010,yes,NA,NA,92,25.5,17.5,30.7
IRQ,2015,16437,yes,NA,NA,83,24.8,17,29.7
IRQ,2016,11303,yes,NA,NA,78,24.1,16.4,28.8
IRQ,2017,12025,yes,0,1,79,23.4,15.9,27.9
IRQ,2018,11400,yes,NA,NA,NA,22.7,15.4,27
IRQ,2019,1443,yes,NA,NA,NA,22,14.9,26.1
ISL,2000,NA,NA,0,1,6,3.2,2.1,4.1
ISL,2000,NA,NA,0,1,6,3.2,2.1,4.1
ISL,2001,NA,NA,NA,NA,6,3.1,2,3.9
ISL,2002,NA,NA,NA,NA,6,2.9,1.9,3.7
ISL,2003,NA,NA,NA,NA,6,2.8,1.8,3.5
ISL,2004,NA,NA,NA,NA,6,2.7,1.7,3.4
ISL,2005,NA,NA,NA,NA,5,2.6,1.6,3.2
ISL,2006,NA,NA,NA,NA,5,2.5,1.6,3.1
ISL,2007,NA,NA,NA,NA,5,2.4,1.5,3
ISL,2008,NA,NA,NA,NA,5,2.3,1.4,2.9
ISL,2009,NA,NA,NA,NA,5,2.2,1.4,2.8
ISL,2010,NA,NA,NA,NA,5,2.2,1.3,2.7
ISL,2011,NA,NA,NA,NA,5,2.1,1.3,2.6
ISL,2012,NA,NA,NA,NA,4,2,1.3,2.5
ISL,2013,NA,NA,NA,NA,4,1.9,1.2,2.4
ISL,2014,NA,NA,NA,NA,5,1.9,1.2,2.4
ISL,2015,NA,NA,NA,NA,4,1.8,1.2,2.3
ISL,2016,NA,NA,NA,NA,4,1.8,1.1,2.2
ISL,2017,NA,NA,NA,NA,4,1.7,1.1,2.1
ISL,2018,NA,NA,NA,NA,NA,1.6,1.1,2.1
ISL,2019,NA,NA,NA,NA,NA,1.6,1,2
ITA,2000,NA,NA,NA,NA,4,4.7,3.5,5.6
ITA,2001,NA,NA,NA,NA,3,4.5,3.2,5.3
ITA,2002,NA,NA,0,1,3,4.3,3.1,5
ITA,2002,NA,NA,0,1,3,4.3,3.1,5
ITA,2002,NA,NA,0,1,3,4.3,3.1,5
ITA,2002,NA,NA,1,0,3,4.3,3.1,5
ITA,2003,NA,NA,0,1,3,4.1,2.9,4.8
ITA,2004,NA,NA,NA,NA,3,3.9,2.8,4.6
ITA,2005,NA,NA,NA,NA,3,3.8,2.7,4.5
ITA,2006,NA,NA,NA,NA,2,3.7,2.6,4.3
ITA,2007,NA,NA,NA,NA,2,3.6,2.5,4.2
ITA,2008,NA,NA,NA,NA,2,3.5,2.5,4.1
ITA,2009,NA,NA,0,1,2,3.4,2.5,4.1
ITA,2010,NA,NA,NA,NA,2,3.4,2.4,4
ITA,2011,NA,NA,NA,NA,2,3.3,2.4,3.9
ITA,2012,NA,NA,1,0,2,3.2,2.3,3.8
ITA,2012,NA,NA,0,1,2,3.2,2.3,3.8
ITA,2012,NA,NA,0,1,2,3.2,2.3,3.8
ITA,2013,NA,NA,NA,NA,2,3.1,2.2,3.7
ITA,2014,NA,NA,NA,NA,2,3,2.2,3.6
ITA,2015,NA,NA,NA,NA,2,3,2.1,3.5
ITA,2016,NA,NA,0,1,2,2.9,2.1,3.4
ITA,2016,NA,NA,0,1,2,2.9,2.1,3.4
ITA,2016,NA,NA,0,1,2,2.9,2.1,3.4
ITA,2017,NA,NA,0,1,2,2.8,2,3.3
ITA,2017,NA,NA,0,1,2,2.8,2,3.3
ITA,2017,NA,NA,1,0,2,2.8,2,3.3
ITA,2018,NA,NA,NA,NA,NA,2.7,1.9,3.2
ITA,2019,NA,NA,NA,NA,NA,2.6,1.8,3
JAM,2000,NA,NA,1,0,77,18.9,17,22.2
JAM,2001,NA,NA,NA,NA,79,18.4,16.5,21.6
JAM,2002,116,yes,NA,NA,78,18,16.1,21.1
JAM,2003,15,no,NA,NA,79,17.6,15.6,20.7
JAM,2004,7,no,NA,NA,80,17.3,15.1,20.3
JAM,2005,NA,NA,NA,NA,80,17,14.7,19.9
JAM,2006,NA,NA,NA,NA,79,16.7,14.2,19.6
JAM,2007,NA,NA,NA,NA,79,16.5,13.9,19.2
JAM,2008,NA,NA,NA,NA,79,16.2,13.6,18.9
JAM,2009,NA,NA,NA,NA,79,15.8,13.2,18.5
JAM,2010,NA,NA,NA,NA,79,15.4,12.9,18
JAM,2011,NA,NA,NA,NA,79,15.1,12.5,17.5
JAM,2012,NA,NA,NA,NA,79,14.6,12.2,17
JAM,2013,NA,NA,NA,NA,79,14.2,11.8,16.5
JAM,2014,NA,NA,1,0,78,13.8,11.4,16
JAM,2015,NA,NA,NA,NA,78,13.4,11,15.5
JAM,2016,NA,NA,NA,NA,80,13,10.7,15.1
JAM,2017,NA,NA,NA,NA,80,12.6,10.3,14.6
JAM,2018,NA,NA,NA,NA,NA,12.2,10,14.2
JAM,2019,NA,NA,NA,NA,NA,11.8,9.6,13.7
JOR,2000,NA,NA,1,0,70,22.5,16,26.8
JOR,2001,NA,NA,NA,NA,68,22,15.6,26.1
JOR,2002,NA,NA,NA,NA,65,21.4,15.2,25.3
JOR,2003,NA,NA,NA,NA,63,20.8,14.7,24.6
JOR,2004,NA,NA,NA,NA,62,20.2,14.2,23.9
JOR,2005,NA,NA,NA,NA,62,19.7,13.8,23.2
JOR,2006,59,yes,NA,NA,58,19.2,13.3,22.5
JOR,2007,NA,NA,NA,NA,56,18.7,12.9,21.9
JOR,2008,NA,NA,NA,NA,55,18.1,12.5,21.3
JOR,2009,NA,NA,NA,NA,54,17.6,12.2,20.7
JOR,2010,NA,NA,NA,NA,53,17.2,11.8,20.1
JOR,2011,NA,NA,NA,NA,52,16.7,11.5,19.5
JOR,2012,NA,NA,NA,NA,52,16.2,11.2,19
JOR,2013,NA,NA,NA,NA,51,15.8,10.9,18.4
JOR,2014,NA,NA,NA,NA,49,15.4,10.6,17.9
JOR,2015,NA,NA,NA,NA,48,15,10.2,17.5
JOR,2016,1,no,NA,NA,47,14.6,10,17
JOR,2017,37,yes,NA,NA,46,14.1,9.7,16.4
JOR,2018,NA,NA,NA,NA,NA,13.7,9.4,16
JOR,2019,NA,NA,NA,NA,NA,13.3,9.1,15.5
JPN,2000,NA,NA,0,1,9,3.3,1.8,4.5
JPN,2000,NA,NA,0,1,9,3.3,1.8,4.5
JPN,2001,NA,NA,0,1,8,3.1,1.7,4.3
JPN,2002,NA,NA,NA,NA,8,3,1.7,4.1
JPN,2003,NA,NA,0,1,7,2.9,1.6,4
JPN,2003,NA,NA,0,1,7,2.9,1.6,4
JPN,2003,NA,NA,0,1,7,2.9,1.6,4
JPN,2004,NA,NA,0,1,7,2.8,1.5,3.9
JPN,2005,NA,NA,0,1,7,2.8,1.4,3.7
JPN,2005,NA,NA,0,1,7,2.8,1.4,3.7
JPN,2006,NA,NA,NA,NA,7,2.7,1.3,3.6
JPN,2007,NA,NA,0,1,6,2.6,1.3,3.5
JPN,2007,NA,NA,0,1,6,2.6,1.3,3.5
JPN,2007,NA,NA,0,1,6,2.6,1.3,3.5
JPN,2008,NA,NA,0,1,6,2.5,1.2,3.4
JPN,2008,NA,NA,0,1,6,2.5,1.2,3.4
JPN,2009,NA,NA,0,1,6,2.4,1.2,3.3
JPN,2010,NA,NA,NA,NA,6,2.4,1.1,3.2
JPN,2011,NA,NA,0,1,6,2.3,1,3.2
JPN,2011,NA,NA,0,1,6,2.3,1,3.2
JPN,2012,NA,NA,NA,NA,5,2.2,1,3
JPN,2013,NA,NA,0,1,5,2.1,1,2.9
JPN,2014,NA,NA,0,1,5,2.1,0.9,2.8
JPN,2015,NA,NA,NA,NA,5,2,0.9,2.7
JPN,2016,NA,NA,0,1,5,2,0.9,2.7
JPN,2016,NA,NA,0,1,5,2,0.9,2.7
JPN,2016,NA,NA,0,1,5,2,0.9,2.7
JPN,2017,NA,NA,NA,NA,5,1.9,0.9,2.6
JPN,2018,NA,NA,0,1,NA,1.9,0.9,2.6
JPN,2018,NA,NA,0,1,NA,1.9,0.9,2.6
JPN,2019,NA,NA,0,1,NA,1.8,0.9,2.5
KAZ,2000,NA,NA,NA,NA,61,36.7,23.9,42.5
KAZ,2001,NA,NA,NA,NA,57,34.6,23.3,39.9
KAZ,2002,NA,NA,NA,NA,52,32.6,22.7,37.5
KAZ,2003,NA,NA,0,1,49,30.8,21.8,35.2
KAZ,2004,NA,NA,NA,NA,46,29,20.8,33.1
KAZ,2005,NA,NA,NA,NA,43,27.3,19.7,31
KAZ,2006,NA,NA,NA,NA,40,25.6,18.5,29
KAZ,2007,NA,NA,NA,NA,36,23.8,17,26.8
KAZ,2008,NA,NA,NA,NA,30,21.9,15.3,24.7
KAZ,2009,NA,NA,NA,NA,24,20,13.5,22.5
KAZ,2010,NA,NA,NA,NA,22,18.2,11.8,20.4
KAZ,2011,NA,NA,NA,NA,19,16.4,10.2,18.3
KAZ,2012,NA,NA,NA,NA,17,14.6,8.6,16.3
KAZ,2013,NA,NA,NA,NA,14,13,7.3,14.6
KAZ,2014,NA,NA,NA,NA,13,11.6,6.2,13
KAZ,2015,NA,NA,NA,NA,12,10.6,5.6,11.9
KAZ,2016,NA,NA,NA,NA,10,9.8,5.1,11
KAZ,2017,NA,NA,NA,NA,10,9.4,4.9,10.5
KAZ,2018,NA,NA,NA,NA,NA,9.2,4.7,10.3
KAZ,2019,NA,NA,NA,NA,NA,9,4.7,10.1
KEN,2000,229,yes,NA,NA,708,59.9,28.2,98.5
KEN,2001,254,yes,NA,NA,702,57.8,28,94.2
KEN,2002,192,yes,NA,NA,692,55.5,27.8,89.8
KEN,2003,45,yes,NA,NA,678,53.2,27.5,85.4
KEN,2004,7,no,1,0,653,50.8,27.1,81
KEN,2004,7,no,0,1,653,50.8,27.1,81
KEN,2005,20,no,1,0,618,48,26.6,76.3
KEN,2006,215,yes,NA,NA,583,45.7,26.1,72
KEN,2007,219,yes,NA,NA,545,43.7,25.6,68
KEN,2008,200,yes,1,0,513,41.4,25.1,63.5
KEN,2009,783,yes,NA,NA,472,40.4,24.6,59.9
KEN,2010,170,yes,1,0,432,39.3,24.2,57.4
KEN,2011,87,yes,1,0,398,38.5,23.9,55.5
KEN,2012,144,yes,NA,NA,373,38.2,23.5,54.1
KEN,2013,309,yes,NA,NA,364,37.4,23.2,52.3
KEN,2014,267,yes,1,0,358,36.4,22.9,50.6
KEN,2015,344,yes,NA,NA,353,35.2,22.6,48.9
KEN,2016,389,yes,1,0,346,34.4,22.2,47.2
KEN,2017,130,yes,NA,NA,342,33.7,21.8,45.9
KEN,2018,228,yes,NA,NA,NA,32.7,21.4,44.3
KEN,2019,164,yes,1,0,NA,32,21,43
KGZ,2000,14,no,NA,NA,79,42.5,20.6,49.8
KGZ,2001,174,yes,NA,NA,76,40.6,20.2,47.4
KGZ,2002,NA,NA,NA,NA,83,38.8,20,45.2
KGZ,2003,NA,NA,NA,NA,82,37.1,19.9,43.1
KGZ,2004,NA,NA,NA,NA,79,35.6,19.7,41.1
KGZ,2005,NA,NA,NA,NA,82,34.1,19.6,39.2
KGZ,2006,NA,NA,0,1,85,32.7,19.5,37.5
KGZ,2007,6,no,NA,NA,84,31.2,19.1,35.7
KGZ,2008,NA,NA,0,1,81,29.6,18.5,33.7
KGZ,2008,NA,NA,0,1,81,29.6,18.5,33.7
KGZ,2009,NA,NA,1,0,80,27.8,17.7,31.6
KGZ,2010,NA,NA,NA,NA,79,26.1,16.9,29.5
KGZ,2011,44,yes,0,1,79,24.5,16.3,27.7
KGZ,2012,NA,NA,NA,NA,74,23.2,15.9,26.1
KGZ,2013,NA,NA,NA,NA,70,22,15.5,24.7
KGZ,2014,NA,NA,NA,NA,69,20.9,15.1,23.5
KGZ,2015,NA,NA,0,1,66,19.9,14.6,22.3
KGZ,2016,1,no,NA,NA,63,18.9,14,21.2
KGZ,2017,NA,NA,0,1,60,18,13.4,20.1
KGZ,2018,NA,NA,NA,NA,NA,17.1,12.8,19.2
KGZ,2019,NA,NA,NA,NA,NA,16.4,12.2,18.3
KHM,2000,0,no,NA,NA,488,79.2,35.2,106.3
KHM,2001,4,no,1,0,456,73.4,33.4,96.6
KHM,2002,NA,NA,1,0,430,67.3,31.5,86.7
KHM,2003,NA,NA,NA,NA,404,61.8,29.7,78
KHM,2004,1,no,NA,NA,378,56.9,28.2,70.7
KHM,2005,NA,NA,1,0,351,52.8,26.8,64.7
KHM,2006,NA,NA,NA,NA,326,49.3,25.6,59.7
KHM,2007,NA,NA,NA,NA,303,46.2,24.5,55.4
KHM,2008,2,no,NA,NA,284,43.2,23.5,51.3
KHM,2009,2,no,NA,NA,265,40.2,22.4,47.5
KHM,2010,2,no,NA,NA,248,37.3,21.3,43.8
KHM,2011,NA,NA,NA,NA,232,34.6,20.3,40.5
KHM,2012,10,no,NA,NA,215,32.3,19.3,37.7
KHM,2013,1,no,NA,NA,202,30.3,18.3,35.3
KHM,2014,NA,NA,NA,NA,189,28.7,17.2,33.4
KHM,2015,NA,NA,NA,NA,178,27.3,16.4,31.8
KHM,2016,NA,NA,1,0,168,26,15.6,30.3
KHM,2017,NA,NA,NA,NA,160,24.9,14.9,29
KHM,2018,NA,NA,NA,NA,NA,23.8,14.3,27.7
KHM,2019,NA,NA,NA,NA,NA,22.9,13.8,26.6
KIR,2000,NA,NA,NA,NA,136,51.7,28,68.1
KIR,2001,NA,NA,NA,NA,131,50.7,27.4,66.6
KIR,2002,NA,NA,NA,NA,127,50,26.9,65.5
KIR,2003,NA,NA,NA,NA,124,49.5,26.5,64.8
KIR,2004,NA,NA,NA,NA,121,49.4,26.2,64.6
KIR,2005,NA,NA,NA,NA,119,49.4,26,64.7
KIR,2006,NA,NA,NA,NA,117,49.7,25.8,65.1
KIR,2007,NA,NA,NA,NA,115,50,25.8,65.5
KIR,2008,NA,NA,NA,NA,115,50,25.7,65.6
KIR,2009,NA,NA,NA,NA,113,49.8,25.6,65.2
KIR,2010,NA,NA,NA,NA,112,49.3,25.4,64.4
KIR,2011,NA,NA,NA,NA,110,48.6,25.2,63.3
KIR,2012,NA,NA,NA,NA,107,47.8,24.8,62.1
KIR,2013,NA,NA,NA,NA,104,46.8,24.4,60.8
KIR,2014,NA,NA,NA,NA,100,45.8,24,59.2
KIR,2015,NA,NA,NA,NA,97,44.7,23.6,57.6
KIR,2016,NA,NA,NA,NA,94,43.6,23.2,56
KIR,2017,NA,NA,NA,NA,92,42.6,22.8,54.5
KIR,2018,NA,NA,NA,NA,NA,41.4,22.3,52.8
KIR,2019,NA,NA,NA,NA,NA,40.3,21.9,51.2
KOR,2000,NA,NA,NA,NA,17,6.5,3.4,7.5
KOR,2001,NA,NA,1,0,15,6.1,3.2,7.1
KOR,2002,NA,NA,NA,NA,15,5.8,3,6.8
KOR,2003,NA,NA,NA,NA,16,5.5,2.8,6.4
KOR,2004,NA,NA,NA,NA,15,5.1,2.6,6
KOR,2005,NA,NA,NA,NA,15,4.8,2.4,5.6
KOR,2006,NA,NA,NA,NA,14,4.4,2.2,5.2
KOR,2007,NA,NA,NA,NA,15,4.1,2,4.8
KOR,2008,NA,NA,NA,NA,15,3.9,1.9,4.5
KOR,2009,NA,NA,NA,NA,16,3.7,1.8,4.3
KOR,2010,NA,NA,NA,NA,15,3.5,1.8,4.1
KOR,2011,NA,NA,NA,NA,14,3.4,1.7,4
KOR,2012,NA,NA,NA,NA,13,3.3,1.7,3.8
KOR,2013,NA,NA,NA,NA,13,3.2,1.7,3.7
KOR,2014,NA,NA,NA,NA,12,3.1,1.7,3.6
KOR,2015,NA,NA,NA,NA,12,3,1.6,3.5
KOR,2016,NA,NA,0,1,11,2.9,1.6,3.4
KOR,2017,NA,NA,0,1,11,2.8,1.6,3.3
KOR,2018,NA,NA,NA,NA,NA,2.8,1.5,3.2
KOR,2019,NA,NA,NA,NA,NA,2.7,1.5,3.1
KWT,2000,NA,NA,NA,NA,10,10.7,6.6,12.4
KWT,2001,NA,NA,NA,NA,10,10.5,6.4,12.2
KWT,2002,NA,NA,NA,NA,10,10.3,6.2,12
KWT,2003,NA,NA,NA,NA,10,10.1,6.1,11.8
KWT,2004,NA,NA,NA,NA,10,10,5.9,11.6
KWT,2005,NA,NA,NA,NA,10,9.8,5.8,11.4
KWT,2006,NA,NA,NA,NA,10,9.7,5.8,11.2
KWT,2007,NA,NA,NA,NA,10,9.5,5.7,11.1
KWT,2008,NA,NA,NA,NA,10,9.4,5.7,10.9
KWT,2009,NA,NA,NA,NA,10,9.2,5.6,10.7
KWT,2010,NA,NA,NA,NA,10,8.9,5.5,10.4
KWT,2011,NA,NA,NA,NA,10,8.5,5.3,10
KWT,2012,NA,NA,NA,NA,11,8.2,5.2,9.6
KWT,2013,NA,NA,NA,NA,11,7.9,5.1,9.2
KWT,2014,NA,NA,NA,NA,11,7.7,5,8.9
KWT,2015,NA,NA,NA,NA,11,7.5,4.9,8.8
KWT,2016,26,yes,NA,NA,12,7.4,4.9,8.7
KWT,2017,NA,NA,NA,NA,12,7.4,4.9,8.7
KWT,2018,NA,NA,NA,NA,NA,7.5,4.9,8.7
KWT,2019,NA,NA,NA,NA,NA,7.5,4.9,8.8
LAO,2000,2,no,NA,NA,544,76.5,38.2,107.2
LAO,2001,7,no,NA,NA,517,73.9,37.3,103.1
LAO,2002,NA,NA,NA,NA,491,71.3,36.4,98.9
LAO,2003,4,no,NA,NA,465,68.7,35.5,94.8
LAO,2004,5,no,NA,NA,437,66.1,34.6,90.8
LAO,2005,4,no,NA,NA,410,63.6,33.6,86.8
LAO,2006,NA,NA,NA,NA,385,61.1,32.7,82.9
LAO,2007,73,yes,NA,NA,360,58.7,31.7,79.1
LAO,2008,NA,NA,NA,NA,336,56.3,30.7,75.4
LAO,2009,NA,NA,NA,NA,314,54,29.8,71.7
LAO,2010,NA,NA,NA,NA,292,51.8,28.9,68.3
LAO,2011,NA,NA,NA,NA,272,49.7,28,65.1
LAO,2012,NA,NA,NA,NA,254,47.6,27.2,61.9
LAO,2013,NA,NA,NA,NA,238,45.7,26.3,59
LAO,2014,NA,NA,NA,NA,223,43.8,25.5,56.3
LAO,2015,NA,NA,NA,NA,209,42.1,24.8,53.8
LAO,2016,NA,NA,NA,NA,196,40.5,24.1,51.5
LAO,2017,NA,NA,NA,NA,185,39.1,23.5,49.4
LAO,2018,NA,NA,NA,NA,NA,37.8,22.8,47.5
LAO,2019,NA,NA,1,0,NA,36.5,22.2,45.7
LBN,2000,74,yes,NA,NA,28,17,11.7,19.9
LBN,2001,56,yes,NA,NA,27,16,10.9,18.7
LBN,2002,4,no,NA,NA,26,15.1,10.2,17.5
LBN,2003,0,no,NA,NA,25,14.1,9.6,16.4
LBN,2004,1,no,NA,NA,24,13.1,8.9,15.2
LBN,2005,NA,NA,NA,NA,24,12.1,8.2,14.1
LBN,2006,3,no,NA,NA,24,11.2,7.6,13
LBN,2007,747,yes,NA,NA,23,10.4,7,12.1
LBN,2008,NA,NA,NA,NA,23,9.8,6.6,11.4
LBN,2009,38,yes,NA,NA,23,9.2,6.2,10.7
LBN,2010,NA,NA,NA,NA,23,8.7,5.9,10.2
LBN,2011,NA,NA,NA,NA,25,8.3,5.6,9.7
LBN,2012,4,no,NA,NA,25,8,5.4,9.3
LBN,2013,53,yes,NA,NA,27,7.7,5.2,9
LBN,2014,179,yes,NA,NA,28,7.4,5,8.6
LBN,2015,228,yes,NA,NA,29,7.1,4.8,8.3
LBN,2016,200,yes,NA,NA,29,6.8,4.6,8
LBN,2017,56,yes,NA,NA,29,6.6,4.4,7.7
LBN,2018,297,yes,NA,NA,NA,6.4,4.3,7.4
LBN,2019,2,no,NA,NA,NA,6.2,4.1,7.2
LBR,2000,70,yes,NA,NA,894,127.9,48.1,189.7
LBR,2001,101,yes,NA,NA,913,119.7,46,176.6
LBR,2002,481,yes,NA,NA,1010,111.9,43.9,163.7
LBR,2003,2259,yes,NA,NA,878,104.3,41.9,151.3
LBR,2004,3281,yes,NA,NA,837,97.2,40,139.8
LBR,2005,NA,NA,NA,NA,816,90.7,38.4,129.6
LBR,2006,NA,NA,NA,NA,782,85.3,36.9,121
LBR,2007,NA,NA,NA,NA,754,80.8,35.6,114
LBR,2008,NA,NA,NA,NA,738,77.2,34.5,108.2
LBR,2009,NA,NA,NA,NA,724,74.2,33.5,103.6
LBR,2010,NA,NA,NA,NA,708,71.8,32.9,99.8
LBR,2011,NA,NA,NA,NA,694,69.9,32.5,96.7
LBR,2012,NA,NA,NA,NA,683,68.3,32.3,94.2
LBR,2013,NA,NA,NA,NA,674,66.9,32.3,92
LBR,2014,NA,NA,NA,NA,688,66,32.3,92.1
LBR,2015,NA,NA,NA,NA,691,64.4,32.2,88.3
LBR,2016,NA,NA,NA,NA,661,63.1,32,86.1
LBR,2017,NA,NA,NA,NA,661,62,31.8,84.3
LBR,2018,NA,NA,NA,NA,NA,60.8,31.4,82.5
LBR,2019,NA,NA,NA,NA,NA,59.5,31.1,80.4
LBY,2000,NA,NA,NA,NA,70,24.1,15.1,28.1
LBY,2001,NA,NA,NA,NA,68,23.4,14.7,27.3
LBY,2002,NA,NA,NA,NA,66,22.7,14.3,26.5
LBY,2003,NA,NA,NA,NA,64,21.9,13.8,25.5
LBY,2004,NA,NA,NA,NA,61,21,13.2,24.4
LBY,2005,NA,NA,NA,NA,57,19.8,12.5,23.1
LBY,2006,NA,NA,NA,NA,55,18.6,11.7,21.7
LBY,2007,NA,NA,NA,NA,53,17.3,10.9,20.2
LBY,2008,NA,NA,NA,NA,52,16.1,10.1,18.8
LBY,2009,6,no,NA,NA,53,15.1,9.5,17.6
LBY,2010,NA,NA,NA,NA,53,14.2,9,16.6
LBY,2011,NA,NA,NA,NA,56,14.9,8.6,19.4
LBY,2012,3914,yes,NA,NA,55,12.9,8.1,15
LBY,2013,378,yes,NA,NA,58,12.3,7.7,14.4
LBY,2014,36,yes,NA,NA,63,11.8,7.4,13.8
LBY,2015,1455,yes,NA,NA,70,11.4,7.1,13.3
LBY,2016,1594,yes,NA,NA,73,11,6.9,12.8
LBY,2017,2349,yes,NA,NA,72,10.6,6.6,12.3
LBY,2018,1096,yes,NA,NA,NA,10.2,6.4,11.9
LBY,2019,670,yes,NA,NA,NA,9.9,6.2,11.5
LCA,2000,NA,NA,NA,NA,86,15.6,11.4,18.4
LCA,2001,NA,NA,NA,NA,86,15.6,11.6,18.3
LCA,2002,NA,NA,NA,NA,90,15.6,11.8,18.2
LCA,2003,NA,NA,NA,NA,92,15.7,12,18.3
LCA,2004,NA,NA,NA,NA,89,15.8,12.2,18.3
LCA,2005,NA,NA,NA,NA,83,16,12.3,18.4
LCA,2006,NA,NA,NA,NA,82,16.1,12.3,18.6
LCA,2007,NA,NA,0,1,87,16.4,12.4,18.8
LCA,2008,NA,NA,NA,NA,93,16.6,12.5,19
LCA,2009,NA,NA,NA,NA,100,16.9,12.6,19.3
LCA,2010,NA,NA,1,0,109,17.3,12.7,19.7
LCA,2011,NA,NA,NA,NA,116,17.7,12.8,20
LCA,2012,NA,NA,NA,NA,116,18.1,12.8,20.4
LCA,2013,NA,NA,NA,NA,108,18.5,12.7,20.9
LCA,2014,NA,NA,NA,NA,104,19,12.6,21.4
LCA,2015,NA,NA,NA,NA,115,19.5,12.4,21.9
LCA,2016,NA,NA,NA,NA,117,20,12.4,22.4
LCA,2017,NA,NA,NA,NA,117,20.6,12.4,23
LCA,2018,NA,NA,NA,NA,NA,21.1,12.5,23.5
LCA,2019,NA,NA,NA,NA,NA,21.6,12.7,24
LKA,2000,1948,yes,NA,NA,56,14.2,9.7,16.5
LKA,2001,2569,yes,1,0,53,13.7,9.1,16
LKA,2002,1162,yes,NA,NA,50,13.4,8.5,15.5
LKA,2003,17,no,NA,NA,50,13,7.9,15.1
LKA,2004,33,yes,0,1,48,17.7,7.6,28.9
LKA,2005,84,yes,NA,NA,45,12.2,7,14.2
LKA,2006,130,yes,NA,NA,47,11.6,6.9,13.5
LKA,2007,2173,yes,NA,NA,43,11,6.9,12.8
LKA,2008,2564,yes,NA,NA,42,10.5,6.8,12.2
LKA,2009,8453,yes,NA,NA,41,13.9,6.8,21.3
LKA,2010,10418,yes,NA,NA,38,9.8,6.4,11.4
LKA,2011,NA,NA,NA,NA,38,9.4,6.3,10.9
LKA,2012,2,no,1,0,37,8.9,6.1,10.4
LKA,2013,NA,NA,NA,NA,37,8.4,5.9,9.8
LKA,2014,5,no,1,0,36,7.9,5.5,9.3
LKA,2015,NA,NA,NA,NA,36,7.5,5.1,8.7
LKA,2016,NA,NA,1,0,36,7.1,4.8,8.2
LKA,2017,NA,NA,NA,NA,36,6.7,4.6,7.8
LKA,2018,1,no,NA,NA,NA,6.4,4.4,7.5
LKA,2019,NA,NA,1,0,NA,6.2,4.2,7.2
LSO,2000,NA,NA,NA,NA,614,70,39.6,106.9
LSO,2001,NA,NA,NA,NA,633,70.5,39.9,108.8
LSO,2002,NA,NA,1,0,653,71.2,40.1,110.7
LSO,2003,NA,NA,NA,NA,671,72.2,40.2,112.7
LSO,2004,NA,NA,NA,NA,680,73,40.3,114.5
LSO,2005,NA,NA,NA,NA,679,74,40.5,116.1
LSO,2006,NA,NA,NA,NA,668,74.5,40.8,116.5
LSO,2007,NA,NA,1,0,652,73.8,41.1,114.3
LSO,2008,NA,NA,NA,NA,623,77.1,41.4,113
LSO,2009,NA,NA,NA,NA,607,73.6,41.7,104.2
LSO,2010,NA,NA,NA,NA,594,70.9,42,96.4
LSO,2011,NA,NA,1,0,585,69,42.4,93.9
LSO,2012,NA,NA,NA,NA,586,70.2,42.8,92.7
LSO,2013,NA,NA,NA,NA,583,71,43.5,92.6
LSO,2014,NA,NA,NA,NA,579,71.9,44.1,94.2
LSO,2015,NA,NA,NA,NA,574,72.6,44.7,94.6
LSO,2016,NA,NA,1,0,559,72.9,45.1,91.5
LSO,2017,NA,NA,NA,NA,544,73.1,45.2,91
LSO,2018,NA,NA,NA,NA,NA,72.1,45.1,90.6
LSO,2019,NA,NA,1,0,NA,71.4,44.8,90.9
LTU,2000,NA,NA,NA,NA,17,8.6,4.5,10.7
LTU,2001,NA,NA,NA,NA,16,8.2,4.4,10.3
LTU,2002,NA,NA,NA,NA,14,7.9,4.4,9.9
LTU,2003,NA,NA,NA,NA,14,7.6,4.5,9.5
LTU,2004,NA,NA,NA,NA,13,7.4,4.5,9.3
LTU,2005,NA,NA,NA,NA,14,7.3,4.4,9
LTU,2006,NA,NA,1,0,14,6.9,4.1,8.6
LTU,2007,NA,NA,NA,NA,14,6.5,3.8,8
LTU,2008,NA,NA,NA,NA,13,5.9,3.4,7.3
LTU,2009,NA,NA,NA,NA,11,5.4,3.2,6.7
LTU,2010,NA,NA,NA,NA,10,4.9,2.9,6
LTU,2011,NA,NA,NA,NA,10,4.5,2.8,5.5
LTU,2012,NA,NA,NA,NA,10,4.2,2.6,5.2
LTU,2013,NA,NA,NA,NA,10,4.1,2.5,5
LTU,2014,NA,NA,NA,NA,9,4,2.4,4.9
LTU,2015,NA,NA,NA,NA,9,4,2.4,4.9
LTU,2016,NA,NA,NA,NA,8,3.9,2.4,4.8
LTU,2017,NA,NA,NA,NA,8,3.6,2.3,4.4
LTU,2018,NA,NA,1,0,NA,3.3,2.2,4
LTU,2019,NA,NA,NA,NA,NA,2.9,2,3.6
LUX,2000,NA,NA,NA,NA,10,3.7,2.3,4.5
LUX,2001,NA,NA,NA,NA,10,3.5,2.2,4.2
LUX,2002,NA,NA,NA,NA,9,3.3,2,4
LUX,2003,NA,NA,NA,NA,8,3.1,1.9,3.8
LUX,2004,NA,NA,NA,NA,8,2.9,1.8,3.5
LUX,2005,NA,NA,NA,NA,9,2.8,1.7,3.4
LUX,2006,NA,NA,NA,NA,9,2.6,1.7,3.2
LUX,2007,NA,NA,NA,NA,8,2.5,1.6,3.1
LUX,2008,NA,NA,NA,NA,6,2.4,1.6,3
LUX,2009,NA,NA,NA,NA,7,2.4,1.6,2.9
LUX,2010,NA,NA,NA,NA,8,2.3,1.5,2.8
LUX,2011,NA,NA,NA,NA,8,2.3,1.5,2.8
LUX,2012,NA,NA,NA,NA,7,2.3,1.5,2.8
LUX,2013,NA,NA,NA,NA,6,2.3,1.6,2.8
LUX,2014,NA,NA,NA,NA,6,2.3,1.6,2.8
LUX,2015,NA,NA,NA,NA,5,2.3,1.6,2.8
LUX,2016,NA,NA,NA,NA,5,2.3,1.6,2.8
LUX,2017,NA,NA,NA,NA,5,2.3,1.7,2.8
LUX,2018,NA,NA,NA,NA,NA,2.3,1.7,2.8
LUX,2019,NA,NA,NA,NA,NA,2.3,1.7,2.8
LVA,2000,NA,NA,NA,NA,34,11.5,7.1,14.2
LVA,2001,NA,NA,NA,NA,35,10.8,6.6,13.3
LVA,2002,NA,NA,NA,NA,33,10.2,6.2,12.6
LVA,2003,NA,NA,NA,NA,34,9.7,5.9,11.9
LVA,2004,NA,NA,NA,NA,32,9.2,5.6,11.2
LVA,2005,NA,NA,NA,NA,30,8.6,5.4,10.5
LVA,2006,NA,NA,NA,NA,32,8.1,5.2,9.8
LVA,2007,NA,NA,NA,NA,32,7.7,5,9.3
LVA,2008,NA,NA,NA,NA,29,7.3,4.8,8.8
LVA,2009,NA,NA,NA,NA,28,6.9,4.5,8.3
LVA,2010,NA,NA,NA,NA,26,6.5,4.2,7.8
LVA,2011,NA,NA,NA,NA,26,6.1,3.9,7.2
LVA,2012,NA,NA,NA,NA,23,5.6,3.5,6.6
LVA,2013,NA,NA,NA,NA,27,5.1,3.2,6
LVA,2014,NA,NA,NA,NA,24,4.6,2.9,5.5
LVA,2015,NA,NA,NA,NA,23,4.3,2.7,5
LVA,2016,NA,NA,NA,NA,26,4,2.6,4.7
LVA,2017,NA,NA,NA,NA,19,3.8,2.4,4.4
LVA,2018,NA,NA,NA,NA,NA,3.6,2.4,4.2
LVA,2019,NA,NA,NA,NA,NA,3.5,2.3,4.1
MAR,2000,NA,NA,NA,NA,188,43.9,28.4,52.3
MAR,2001,NA,NA,NA,NA,174,42.3,27.7,50.1
MAR,2002,NA,NA,NA,NA,162,40.6,27,48
MAR,2003,NA,NA,NA,NA,152,39,26.2,45.9
MAR,2004,34,yes,0,1,142,37.2,25.5,43.7
MAR,2005,NA,NA,NA,NA,131,35.5,24.6,41.5
MAR,2006,NA,NA,NA,NA,121,33.6,23.7,39.3
MAR,2007,NA,NA,NA,NA,113,31.8,22.8,37.1
MAR,2008,NA,NA,NA,NA,106,30.1,21.7,35
MAR,2009,NA,NA,NA,NA,99,28.4,20.5,33
MAR,2010,NA,NA,NA,NA,92,26.8,19.3,31.2
MAR,2011,NA,NA,NA,NA,86,25.3,18.2,29.5
MAR,2012,NA,NA,NA,NA,81,23.9,17.2,27.8
MAR,2013,NA,NA,NA,NA,78,22.6,16.2,26.3
MAR,2014,NA,NA,NA,NA,76,21.3,15.3,24.9
MAR,2015,NA,NA,NA,NA,74,20.2,14.5,23.5
MAR,2016,NA,NA,NA,NA,72,19.1,13.8,22.3
MAR,2017,NA,NA,NA,NA,70,18.2,13.1,21.2
MAR,2018,NA,NA,NA,NA,NA,17.4,12.5,20.3
MAR,2019,NA,NA,NA,NA,NA,16.7,12,19.5
MDA,2000,NA,NA,1,0,44,26.2,20.4,31.5
MDA,2001,NA,NA,NA,NA,39,23.9,18.7,28.6
MDA,2002,NA,NA,NA,NA,38,21.7,17.1,25.8
MDA,2003,NA,NA,NA,NA,36,19.8,15.6,23.3
MDA,2004,NA,NA,NA,NA,32,18.3,14.5,21.5
MDA,2005,NA,NA,NA,NA,34,17.1,13.8,20.1
MDA,2006,NA,NA,NA,NA,31,16.3,13.3,19
MDA,2007,NA,NA,1,0,31,15.7,13,18.3
MDA,2008,NA,NA,NA,NA,29,15.3,12.8,17.8
MDA,2009,NA,NA,NA,NA,28,15,12.7,17.4
MDA,2010,NA,NA,NA,NA,29,14.7,12.6,17.1
MDA,2011,NA,NA,NA,NA,21,14.5,12.4,16.8
MDA,2012,NA,NA,1,0,22,14.2,12.2,16.5
MDA,2013,NA,NA,NA,NA,21,14,12,16.3
MDA,2014,NA,NA,NA,NA,23,13.7,11.7,16
MDA,2015,NA,NA,NA,NA,22,13.6,11.5,15.8
MDA,2016,NA,NA,NA,NA,20,13.3,11.3,15.5
MDA,2017,NA,NA,NA,NA,19,13.1,11.2,15.3
MDA,2018,NA,NA,NA,NA,NA,12.9,11,15
MDA,2019,NA,NA,NA,NA,NA,12.7,10.8,14.8
MDG,2000,NA,NA,1,0,559,67.5,30.7,105.4
MDG,2001,NA,NA,NA,NA,552,64.9,29.9,100.8
MDG,2002,NA,NA,1,0,547,62.5,29.2,96.5
MDG,2003,79,yes,NA,NA,543,60.2,28.5,92.4
MDG,2004,NA,NA,NA,NA,539,58,27.9,88.5
MDG,2005,NA,NA,1,0,526,55.9,27.3,84.8
MDG,2006,NA,NA,NA,NA,513,53.9,26.7,81.3
MDG,2007,NA,NA,NA,NA,503,52,26,77.9
MDG,2008,NA,NA,1,0,491,50.3,25.5,74.8
MDG,2009,NA,NA,NA,NA,474,48.6,24.9,72
MDG,2010,113,yes,NA,NA,453,47.1,24.4,69.3
MDG,2011,NA,NA,NA,NA,432,45.8,24,67
MDG,2012,NA,NA,NA,NA,413,44.6,23.6,64.8
MDG,2013,15,no,NA,NA,394,43.4,23.1,62.7
MDG,2014,NA,NA,1,0,378,42.3,22.7,60.8
MDG,2015,NA,NA,NA,NA,363,41.3,22.3,59
MDG,2016,NA,NA,1,0,348,40.3,21.9,57.2
MDG,2017,NA,NA,1,0,335,39.3,21.5,55.5
MDG,2018,1,no,NA,NA,NA,38.2,21.1,53.7
MDG,2019,NA,NA,NA,NA,NA,37.2,20.7,51.9
MDV,2000,NA,NA,NA,NA,125,31.7,22.4,39
MDV,2001,NA,NA,NA,NA,111,28.5,20,34.6
MDV,2002,NA,NA,NA,NA,105,25.5,17.5,30.7
MDV,2003,NA,NA,NA,NA,97,22.8,15.3,27.1
MDV,2004,NA,NA,0,1,89,21.4,13.6,26.9
MDV,2005,NA,NA,NA,NA,75,18.3,12.1,21.5
MDV,2006,NA,NA,NA,NA,71,16.5,10.9,19.3
MDV,2007,NA,NA,NA,NA,71,15.1,9.9,17.6
MDV,2008,NA,NA,NA,NA,72,13.8,9,16.1
MDV,2009,NA,NA,NA,NA,71,12.8,8.3,14.9
MDV,2010,NA,NA,NA,NA,67,11.9,7.7,13.9
MDV,2011,NA,NA,NA,NA,62,11.1,7,12.9
MDV,2012,NA,NA,NA,NA,60,10.4,6.5,12.1
MDV,2013,NA,NA,NA,NA,58,9.7,6.2,11.3
MDV,2014,NA,NA,NA,NA,56,9.1,5.9,10.5
MDV,2015,NA,NA,NA,NA,54,8.4,5.7,9.8
MDV,2016,NA,NA,NA,NA,54,7.7,5.5,9
MDV,2017,NA,NA,NA,NA,53,7.1,5.2,8.3
MDV,2018,NA,NA,NA,NA,NA,6.5,4.9,7.6
MDV,2019,NA,NA,NA,NA,NA,6,4.5,7
MEX,2000,NA,NA,0,1,55,23.8,14.4,28.4
MEX,2001,NA,NA,NA,NA,55,22.8,13.4,27.1
MEX,2002,NA,NA,1,0,56,21.9,12.4,26
MEX,2003,26,yes,0,1,55,21,11.4,24.9
MEX,2004,NA,NA,NA,NA,54,20.2,10.5,23.9
MEX,2005,220,yes,NA,NA,54,19.5,9.9,22.9
MEX,2006,204,yes,NA,NA,51,18.8,9.4,22.1
MEX,2007,669,yes,NA,NA,49,18.2,9.3,21.3
MEX,2008,1943,yes,NA,NA,49,17.6,9.2,20.6
MEX,2009,2188,yes,NA,NA,51,17,9.1,19.9
MEX,2010,3598,yes,0,1,46,16.4,9,19.2
MEX,2011,3582,yes,0,1,43,15.9,8.9,18.5
MEX,2011,3582,yes,1,0,43,15.9,8.9,18.5
MEX,2012,2893,yes,0,1,41,15.4,8.7,17.9
MEX,2013,1699,yes,NA,NA,39,14.9,8.5,17.3
MEX,2014,776,yes,0,1,38,14.4,8.3,16.8
MEX,2014,776,yes,0,1,38,14.4,8.3,16.8
MEX,2015,1646,yes,NA,NA,36,13.9,8.3,16.2
MEX,2016,1654,yes,NA,NA,34,13.5,8.4,15.7
MEX,2017,1320,yes,0,1,33,13,8.6,15.2
MEX,2017,1320,yes,0,1,33,13,8.6,15.2
MEX,2018,1465,yes,0,1,NA,12.6,8.7,14.6
MEX,2019,8803,yes,NA,NA,NA,12.2,8.6,14.1
MHL,2000,NA,NA,NA,NA,NA,33.9,18.8,42
MHL,2001,NA,NA,NA,NA,NA,33.9,18.9,42.1
MHL,2002,NA,NA,NA,NA,NA,33.8,18.8,41.9
MHL,2003,NA,NA,NA,NA,NA,33.6,18.7,41.7
MHL,2004,NA,NA,NA,NA,NA,33.4,18.6,41.3
MHL,2005,NA,NA,NA,NA,NA,33.2,18.5,41
MHL,2006,NA,NA,NA,NA,NA,32.9,18.3,40.6
MHL,2007,NA,NA,NA,NA,NA,32.6,18.2,40.2
MHL,2008,NA,NA,NA,NA,NA,32.3,18.1,39.8
MHL,2009,NA,NA,NA,NA,NA,32,18,39.4
MHL,2010,NA,NA,NA,NA,NA,31.7,17.8,39
MHL,2011,NA,NA,NA,NA,NA,31.4,17.6,38.6
MHL,2012,NA,NA,NA,NA,NA,30.9,17.4,37.9
MHL,2013,NA,NA,1,0,NA,30.4,17.2,37.2
MHL,2014,NA,NA,NA,NA,NA,29.7,16.9,36.3
MHL,2015,NA,NA,1,0,NA,29.1,16.5,35.4
MHL,2016,NA,NA,NA,NA,NA,28.4,16,34.4
MHL,2017,NA,NA,NA,NA,NA,27.7,15.6,33.5
MHL,2018,NA,NA,NA,NA,NA,26.9,15.1,32.5
MHL,2019,NA,NA,NA,NA,NA,26.3,14.7,31.6
MKD,2000,6,no,NA,NA,13,14.3,9.6,16
MKD,2001,3,no,NA,NA,12,13.2,9,14.8
MKD,2002,72,yes,NA,NA,12,12.8,8.9,14.3
MKD,2003,NA,NA,NA,NA,10,12.8,9,14.4
MKD,2004,NA,NA,NA,NA,11,12.7,9,14.3
MKD,2005,NA,NA,NA,NA,10,12.2,8.7,13.7
MKD,2006,NA,NA,NA,NA,10,11.5,8.4,13
MKD,2007,NA,NA,NA,NA,10,10.9,8.1,12.3
MKD,2008,NA,NA,NA,NA,8,10.3,7.8,11.7
MKD,2009,NA,NA,NA,NA,8,9.7,7.4,11
MKD,2010,NA,NA,NA,NA,8,9.2,7,10.4
MKD,2011,NA,NA,NA,NA,8,8.8,6.7,10
MKD,2012,NA,NA,NA,NA,8,9,6.9,10.1
MKD,2013,NA,NA,NA,NA,8,9.4,7.4,10.6
MKD,2014,NA,NA,NA,NA,8,9.9,7.9,11.2
MKD,2015,NA,NA,NA,NA,8,10,8.1,11.4
MKD,2016,NA,NA,0,1,8,9.6,7.8,10.9
MKD,2017,NA,NA,NA,NA,7,8.5,6.8,9.6
MKD,2018,NA,NA,NA,NA,NA,7.1,5.5,8.1
MKD,2019,NA,NA,NA,NA,NA,6,4.5,6.8
MLI,2000,59,yes,NA,NA,836,101.5,51,187.4
MLI,2001,NA,NA,1,0,797,98.8,49.3,181.1
MLI,2002,NA,NA,NA,NA,764,96.1,47.6,174.7
MLI,2003,5,no,NA,NA,739,93.3,46.1,168.3
MLI,2004,NA,NA,NA,NA,715,90.7,44.7,162.2
MLI,2005,20,no,1,0,691,88.1,43.6,156.4
MLI,2006,12,no,1,0,675,85.7,42.6,150.8
MLI,2007,NA,NA,NA,NA,663,83.3,41.7,145.4
MLI,2008,39,yes,NA,NA,661,81.1,40.8,140.2
MLI,2009,113,yes,NA,NA,661,78.8,39.8,135.1
MLI,2010,127,yes,1,0,660,76.7,38.9,130.3
MLI,2011,28,yes,1,0,663,74.6,38,125.6
MLI,2012,23,no,NA,NA,663,72.6,37.1,121
MLI,2013,359,yes,NA,NA,663,70.6,36.4,116.6
MLI,2014,881,yes,NA,NA,642,68.7,35.6,112.4
MLI,2015,291,yes,NA,NA,620,66.8,34.9,108.3
MLI,2016,256,yes,NA,NA,590,65.1,34.2,104.5
MLI,2017,182,yes,NA,NA,562,63.4,33.6,100.9
MLI,2018,605,yes,NA,NA,NA,61.8,32.9,97.4
MLI,2019,1281,yes,NA,NA,NA,60.3,32.3,94.2
MLT,2000,NA,NA,NA,NA,9,6.9,5.2,7.8
MLT,2001,NA,NA,NA,NA,10,6.6,5,7.5
MLT,2002,NA,NA,NA,NA,9,6.5,4.9,7.3
MLT,2003,NA,NA,NA,NA,10,6.3,4.8,7.2
MLT,2004,NA,NA,NA,NA,9,6.2,4.7,7.1
MLT,2005,NA,NA,NA,NA,8,6.1,4.6,7
MLT,2006,NA,NA,NA,NA,8,6,4.5,6.9
MLT,2007,NA,NA,NA,NA,8,6,4.5,6.8
MLT,2008,NA,NA,NA,NA,8,5.9,4.5,6.8
MLT,2009,NA,NA,NA,NA,7,5.9,4.5,6.7
MLT,2010,NA,NA,NA,NA,8,5.8,4.4,6.7
MLT,2011,NA,NA,NA,NA,7,5.8,4.4,6.6
MLT,2012,NA,NA,NA,NA,7,5.8,4.4,6.6
MLT,2013,NA,NA,NA,NA,7,5.8,4.4,6.6
MLT,2014,NA,NA,NA,NA,6,5.8,4.4,6.6
MLT,2015,NA,NA,NA,NA,7,5.7,4.4,6.6
MLT,2016,NA,NA,NA,NA,6,5.7,4.4,6.6
MLT,2017,NA,NA,NA,NA,6,5.7,4.4,6.6
MLT,2018,NA,NA,NA,NA,NA,5.7,4.4,6.5
MLT,2019,NA,NA,NA,NA,NA,5.7,4.3,6.5
MMR,2000,369,yes,NA,NA,340,65.4,37.6,89.6
MMR,2001,748,yes,NA,NA,331,63.8,36.6,87.1
MMR,2002,385,yes,NA,NA,323,62.3,35.6,84.7
MMR,2003,543,yes,NA,NA,314,60.7,34.5,82.3
MMR,2004,272,yes,0,1,307,59.1,33.6,79.7
MMR,2005,177,yes,NA,NA,299,57.4,32.6,77.2
MMR,2006,447,yes,NA,NA,293,55.8,31.7,74.5
MMR,2007,452,yes,NA,NA,287,54.1,30.9,71.8
MMR,2008,700,yes,NA,NA,289,63.4,30.5,98.4
MMR,2009,102,yes,NA,NA,274,50.5,29.2,66.3
MMR,2010,225,yes,NA,NA,265,48.8,28.5,63.7
MMR,2011,185,yes,0,1,259,47,27.8,61
MMR,2012,810,yes,0,1,254,45.4,27.1,58.6
MMR,2013,971,yes,NA,NA,251,43.8,26.5,56.2
MMR,2014,358,yes,NA,NA,247,42.3,25.9,54.1
MMR,2015,256,yes,NA,NA,246,41,25.2,52.2
MMR,2016,705,yes,0,1,245,39.7,24.6,50.3
MMR,2017,183,yes,NA,NA,250,38.5,24,48.5
MMR,2018,2395,yes,NA,NA,NA,37.2,23.4,46.8
MMR,2019,122,yes,NA,NA,NA,36.1,22.9,45.2
MNE,2000,NA,NA,NA,NA,12,12.5,8.6,14.2
MNE,2001,NA,NA,NA,NA,12,12,8.4,13.6
MNE,2002,NA,NA,NA,NA,11,11.4,8.2,12.9
MNE,2003,NA,NA,NA,NA,11,10.6,7.9,12.2
MNE,2004,NA,NA,NA,NA,10,9.9,7.4,11.4
MNE,2005,NA,NA,NA,NA,9,9.2,6.9,10.5
MNE,2006,NA,NA,NA,NA,9,8.4,6.4,9.7
MNE,2007,NA,NA,NA,NA,8,7.7,5.9,8.9
MNE,2008,NA,NA,NA,NA,8,7,5.4,8.1
MNE,2009,NA,NA,NA,NA,8,6.3,4.9,7.4
MNE,2010,NA,NA,NA,NA,7,5.7,4.4,6.7
MNE,2011,NA,NA,NA,NA,7,5.1,3.9,6.1
MNE,2012,NA,NA,NA,NA,7,4.6,3.5,5.5
MNE,2013,NA,NA,NA,NA,6,4.1,3,4.9
MNE,2014,NA,NA,NA,NA,6,3.7,2.6,4.4
MNE,2015,NA,NA,NA,NA,6,3.3,2.3,4
MNE,2016,NA,NA,NA,NA,6,3,1.9,3.6
MNE,2017,NA,NA,NA,NA,6,2.6,1.7,3.2
MNE,2018,NA,NA,NA,NA,NA,2.4,1.4,2.9
MNE,2019,NA,NA,NA,NA,NA,2.1,1.3,2.6
MNG,2000,NA,NA,1,0,155,48.6,23.7,63.5
MNG,2001,NA,NA,NA,NA,138,45.3,22.4,58.5
MNG,2002,NA,NA,NA,NA,124,42,21.2,53.7
MNG,2003,NA,NA,NA,NA,114,38.9,19.9,49.1
MNG,2004,NA,NA,NA,NA,106,35.9,18.7,44.9
MNG,2005,NA,NA,NA,NA,98,33.1,17.6,40.9
MNG,2006,NA,NA,NA,NA,91,30.5,16.5,37.4
MNG,2007,NA,NA,NA,NA,85,28.1,15,34.1
MNG,2008,NA,NA,NA,NA,80,25.9,13.6,31.2
MNG,2009,NA,NA,NA,NA,73,23.9,12.4,28.6
MNG,2010,NA,NA,NA,NA,66,22.1,11.4,26.3
MNG,2011,NA,NA,NA,NA,59,20.6,10.8,24.4
MNG,2012,NA,NA,NA,NA,54,19.4,10.3,22.8
MNG,2013,NA,NA,NA,NA,51,18.3,10,21.5
MNG,2014,NA,NA,NA,NA,49,17.4,9.8,20.4
MNG,2015,NA,NA,NA,NA,47,16.6,9.6,19.4
MNG,2016,NA,NA,NA,NA,46,15.9,9.3,18.5
MNG,2017,NA,NA,NA,NA,45,15.1,9,17.6
MNG,2018,NA,NA,NA,NA,NA,14.4,8.7,16.8
MNG,2019,NA,NA,NA,NA,NA,13.8,8.3,16
MOZ,2000,NA,NA,NA,NA,798,112.4,46.6,170.4
MOZ,2001,NA,NA,1,0,745,106.1,44.5,161
MOZ,2001,NA,NA,1,0,745,106.1,44.5,161
MOZ,2002,NA,NA,NA,NA,700,100.3,42.6,152.6
MOZ,2003,NA,NA,1,0,657,95.3,40.9,145
MOZ,2004,NA,NA,NA,NA,615,90.8,39.4,138.2
MOZ,2005,1,no,1,0,577,86.9,38.2,132
MOZ,2006,13,no,0,1,539,83.2,37.1,126.2
MOZ,2007,NA,NA,1,0,505,78,36.1,118.8
MOZ,2008,NA,NA,1,0,471,75.6,35.3,112.9
MOZ,2009,NA,NA,NA,NA,439,72.7,34.6,107.3
MOZ,2010,NA,NA,1,0,412,72.5,34,104.9
MOZ,2011,7,no,NA,NA,389,68.8,33.4,100.5
MOZ,2012,NA,NA,NA,NA,371,66.4,32.8,96.3
MOZ,2013,2,no,NA,NA,356,64.7,32.3,92.3
MOZ,2014,45,yes,NA,NA,339,63,31.8,88.4
MOZ,2015,30,yes,NA,NA,318,61.3,31.3,84
MOZ,2016,3,no,1,0,301,59.4,30.7,80.4
MOZ,2017,68,yes,NA,NA,289,57.5,30.1,78
MOZ,2018,3,no,NA,NA,NA,56,29.5,75.6
MOZ,2019,173,yes,NA,NA,NA,54.3,28.9,72.9
MRT,2000,NA,NA,NA,NA,834,69.1,42.5,112.5
MRT,2001,NA,NA,1,0,835,68.9,42.1,112.1
MRT,2002,NA,NA,NA,NA,836,68.6,41.8,111.5
MRT,2003,NA,NA,NA,NA,836,68.3,41.5,110.8
MRT,2004,NA,NA,NA,NA,830,67.8,41.3,109.7
MRT,2005,NA,NA,NA,NA,826,67,40.9,108.1
MRT,2006,NA,NA,NA,NA,821,66.1,40.4,106.1
MRT,2007,NA,NA,NA,NA,820,65,39.9,103.7
MRT,2008,4,no,NA,NA,819,63.8,39.3,101.1
MRT,2009,12,no,NA,NA,822,62.5,38.6,98.4
MRT,2010,1,no,1,0,824,61.2,37.9,95.6
MRT,2011,1,no,1,0,822,60,37.2,93
MRT,2012,13,no,NA,NA,812,58.8,36.5,90.5
MRT,2013,1,no,NA,NA,805,57.5,35.8,87.7
MRT,2014,NA,NA,NA,NA,796,56.2,35.2,85.1
MRT,2015,NA,NA,NA,NA,785,55,34.6,82.7
MRT,2016,NA,NA,NA,NA,777,53.8,33.8,80.1
MRT,2017,NA,NA,1,0,766,52.6,33.1,77.7
MRT,2018,NA,NA,1,0,NA,51.5,32.4,75.5
MRT,2019,NA,NA,NA,NA,NA,50.2,31.8,73
MUS,2000,NA,NA,NA,NA,59,16.6,12.4,18.8
MUS,2001,NA,NA,NA,NA,54,15.3,11.3,17.5
MUS,2002,NA,NA,NA,NA,54,14.4,10.6,16.6
MUS,2003,NA,NA,NA,NA,57,13.8,10.2,16
MUS,2004,NA,NA,NA,NA,54,13.5,10.1,15.8
MUS,2005,NA,NA,NA,NA,53,13.4,10.2,15.6
MUS,2006,NA,NA,NA,NA,55,13.2,10.2,15.5
MUS,2007,NA,NA,NA,NA,56,13,10,15.2
MUS,2008,NA,NA,NA,NA,53,12.7,9.7,14.9
MUS,2009,NA,NA,NA,NA,59,12.5,9.4,14.6
MUS,2010,NA,NA,NA,NA,66,12.5,9.3,14.5
MUS,2011,NA,NA,NA,NA,54,12.6,9.3,14.6
MUS,2012,NA,NA,NA,NA,63,13,9.5,14.9
MUS,2013,NA,NA,NA,NA,60,13.1,9.5,15
MUS,2014,NA,NA,NA,NA,70,12.9,9.3,14.8
MUS,2015,NA,NA,NA,NA,73,12.8,9.1,14.5
MUS,2016,NA,NA,NA,NA,67,12.8,9.1,14.5
MUS,2017,NA,NA,NA,NA,61,13.2,9.3,14.9
MUS,2018,NA,NA,NA,NA,NA,13.7,9.7,15.4
MUS,2019,NA,NA,NA,NA,NA,14.3,10.1,16
MWI,2000,NA,NA,NA,NA,749,100.5,39.1,174.6
MWI,2001,NA,NA,NA,NA,735,92.9,37,160.5
MWI,2002,NA,NA,1,0,714,84.6,34.8,145.5
MWI,2003,NA,NA,NA,NA,687,76.8,32.7,131.6
MWI,2004,NA,NA,NA,NA,654,70.1,31,119.7
MWI,2005,NA,NA,1,0,610,65,29.8,110.5
MWI,2006,NA,NA,NA,NA,566,61.6,29.2,104.2
MWI,2007,NA,NA,1,0,526,59.6,28.9,99.9
MWI,2008,NA,NA,NA,NA,493,56.5,28.8,94.5
MWI,2009,NA,NA,0,1,466,54.5,28.5,89.4
MWI,2009,NA,NA,0,1,466,54.5,28.5,89.4
MWI,2010,NA,NA,NA,NA,444,52.4,27.9,84.2
MWI,2011,NA,NA,NA,NA,428,48.8,27.1,77.6
MWI,2012,NA,NA,1,0,413,45.6,26,70.7
MWI,2013,NA,NA,NA,NA,396,42.2,24.8,63.4
MWI,2014,NA,NA,NA,NA,381,39.2,23.7,57.6
MWI,2015,NA,NA,1,0,370,36.7,22.7,53.3
MWI,2016,NA,NA,NA,NA,358,34.6,21.8,49.5
MWI,2017,NA,NA,NA,NA,349,32.8,21,46.2
MWI,2018,NA,NA,NA,NA,NA,31.4,20.3,43.1
MWI,2019,NA,NA,NA,NA,NA,30.1,19.7,40.6
MYS,2000,NA,NA,NA,NA,38,8.7,4.8,10.2
MYS,2001,NA,NA,NA,NA,36,8.1,4.5,9.4
MYS,2002,NA,NA,NA,NA,34,7.6,4.3,8.9
MYS,2003,NA,NA,NA,NA,33,7.3,4.1,8.5
MYS,2004,NA,NA,0,1,32,7.1,4,8.3
MYS,2005,NA,NA,NA,NA,31,7,4,8.2
MYS,2006,NA,NA,NA,NA,30,7,4,8.1
MYS,2007,NA,NA,NA,NA,30,6.9,4,8.1
MYS,2008,NA,NA,NA,NA,29,6.9,4.1,8.1
MYS,2009,NA,NA,NA,NA,29,6.9,4.1,8.1
MYS,2010,NA,NA,NA,NA,30,6.9,4.2,8.1
MYS,2011,NA,NA,NA,NA,30,6.8,4.1,8
MYS,2012,NA,NA,NA,NA,30,6.8,4.1,8
MYS,2013,NA,NA,NA,NA,30,6.8,4.1,8
MYS,2014,70,yes,1,0,30,6.8,4.1,8
MYS,2015,NA,NA,0,1,30,6.9,4.2,8.1
MYS,2016,NA,NA,NA,NA,29,7,4.3,8.1
MYS,2017,NA,NA,NA,NA,29,7.1,4.4,8.3
MYS,2018,1,no,NA,NA,NA,7.2,4.5,8.4
MYS,2019,NA,NA,NA,NA,NA,7.3,4.6,8.6
NAM,2000,1,no,NA,NA,348,45,23.4,75.8
NAM,2001,66,yes,1,0,352,44.2,22.6,75.3
NAM,2002,NA,NA,1,0,356,43.6,21.8,74.7
NAM,2003,5,no,NA,NA,359,43.3,21,74.4
NAM,2004,NA,NA,NA,NA,358,42.7,20.5,74.4
NAM,2005,NA,NA,NA,NA,346,39.4,20,70.6
NAM,2006,NA,NA,NA,NA,328,37.3,19.8,65.4
NAM,2007,NA,NA,NA,NA,306,37.6,19.9,60.8
NAM,2008,NA,NA,NA,NA,284,37.5,20.2,55.1
NAM,2009,NA,NA,NA,NA,276,38.5,20.7,51.6
NAM,2010,NA,NA,NA,NA,266,36.8,21,49.1
NAM,2011,NA,NA,NA,NA,256,36.9,21.3,48.9
NAM,2012,NA,NA,NA,NA,240,37.9,21.6,50.5
NAM,2013,NA,NA,1,0,231,35.8,21.7,49.1
NAM,2014,NA,NA,NA,NA,223,34,21.8,47.9
NAM,2015,NA,NA,1,0,217,33.3,21.7,47.6
NAM,2016,NA,NA,NA,NA,207,32.8,21.5,46.3
NAM,2017,NA,NA,NA,NA,195,32.2,21.2,44.9
NAM,2018,NA,NA,1,0,NA,31.7,20.8,43.9
NAM,2019,NA,NA,NA,NA,NA,30.9,20.5,41.9
NER,2000,NA,NA,NA,NA,813,97,43,224.9
NER,2001,NA,NA,1,0,803,93.7,41.6,215.2
NER,2002,NA,NA,NA,NA,795,90.1,40.2,204.5
NER,2003,NA,NA,NA,NA,782,86.2,38.9,193.1
NER,2004,NA,NA,NA,NA,770,82.3,37.7,181.5
NER,2005,4,no,1,0,755,78.5,36.5,170.2
NER,2006,NA,NA,NA,NA,739,74.8,35.3,159.3
NER,2007,NA,NA,NA,NA,725,71.3,34.1,149
NER,2008,98,yes,NA,NA,709,67.9,32.9,139.3
NER,2009,56,yes,1,0,688,64.8,31.8,130.3
NER,2010,NA,NA,NA,NA,663,61.9,30.7,121.9
NER,2011,NA,NA,1,0,639,59.3,29.7,114.5
NER,2012,NA,NA,NA,NA,616,57,28.8,108.2
NER,2013,1,no,NA,NA,594,55,28,102.7
NER,2014,31,yes,NA,NA,573,53.4,27.4,98
NER,2015,5,no,1,0,555,51.8,26.8,93.8
NER,2016,533,yes,NA,NA,530,50.4,26.2,90.1
NER,2017,299,yes,1,0,509,49.1,25.7,86.6
NER,2018,255,yes,NA,NA,NA,47.9,25.1,83.5
NER,2019,181,yes,NA,NA,NA,46.7,24.6,80.3
NGA,2000,3519,yes,NA,NA,1200,109.8,46.4,182.9
NGA,2001,2104,yes,NA,NA,1200,106.8,45.3,177.3
NGA,2002,2417,yes,NA,NA,1180,103.8,44.1,171.5
NGA,2003,612,yes,NA,NA,1170,100.8,43,165.9
NGA,2004,443,yes,NA,NA,1130,97.8,41.9,160.3
NGA,2005,2118,yes,NA,NA,1080,95,40.9,155
NGA,2006,216,yes,NA,NA,1040,92.3,40.1,150.1
NGA,2007,225,yes,NA,NA,1010,89.8,39.5,145.6
NGA,2008,153,yes,NA,NA,996,87.7,39,141.7
NGA,2009,425,yes,NA,NA,987,85.9,38.5,138.3
NGA,2010,530,yes,NA,NA,978,84.3,38.1,135.5
NGA,2011,980,yes,NA,NA,972,83,37.8,133.1
NGA,2012,1830,yes,NA,NA,963,81.9,37.6,131.1
NGA,2013,2016,yes,NA,NA,951,81,37.5,129.4
NGA,2014,3382,yes,NA,NA,943,80.1,37.3,127.9
NGA,2015,10338,yes,NA,NA,931,79.3,37.2,126.4
NGA,2016,9107,yes,NA,NA,925,78.3,37,124.7
NGA,2017,3902,yes,NA,NA,917,77.1,36.7,122.5
NGA,2018,3572,yes,NA,NA,NA,75.7,36.3,119.9
NGA,2019,3225,yes,NA,NA,NA,74,35.9,116.9
NIC,2000,NA,NA,1,0,162,31.4,16.8,38.5
NIC,2000,NA,NA,0,1,162,31.4,16.8,38.5
NIC,2001,NA,NA,1,0,157,29.9,16.4,36.5
NIC,2002,NA,NA,NA,NA,151,28.5,15.7,34.6
NIC,2003,NA,NA,NA,NA,145,27.2,15.2,32.9
NIC,2004,NA,NA,NA,NA,138,26,14.7,31.3
NIC,2005,NA,NA,NA,NA,131,24.9,14.4,29.9
NIC,2006,NA,NA,NA,NA,124,23.9,14.2,28.5
NIC,2007,NA,NA,NA,NA,121,22.9,14,27.3
NIC,2008,NA,NA,NA,NA,116,22,13.8,26.1
NIC,2009,NA,NA,NA,NA,113,21.1,13.6,24.9
NIC,2010,NA,NA,NA,NA,112,20.3,13.4,23.9
NIC,2011,NA,NA,NA,NA,110,19.5,13.3,22.9
NIC,2012,NA,NA,NA,NA,108,18.7,13.1,22
NIC,2013,NA,NA,NA,NA,105,18,12.8,21.1
NIC,2014,NA,NA,0,1,103,17.3,12.4,20.2
NIC,2014,NA,NA,1,0,103,17.3,12.4,20.2
NIC,2015,NA,NA,NA,NA,101,16.6,11.9,19.4
NIC,2016,NA,NA,NA,NA,100,16,11.4,18.6
NIC,2017,NA,NA,NA,NA,98,15.4,10.8,17.9
NIC,2018,NA,NA,1,0,NA,14.8,10.3,17.3
NIC,2019,NA,NA,NA,NA,NA,14.3,9.8,16.6
NLD,2000,NA,NA,NA,NA,13,5.1,3.8,6.2
NLD,2001,NA,NA,NA,NA,13,5,3.8,6.1
NLD,2002,NA,NA,NA,NA,13,4.9,3.7,5.9
NLD,2003,NA,NA,NA,NA,12,4.8,3.6,5.7
NLD,2004,NA,NA,NA,NA,11,4.6,3.6,5.5
NLD,2005,NA,NA,NA,NA,11,4.4,3.4,5.3
NLD,2006,NA,NA,NA,NA,9,4.3,3.3,5.1
NLD,2007,NA,NA,NA,NA,9,4.1,3.2,4.9
NLD,2008,NA,NA,NA,NA,8,4,3,4.7
NLD,2009,NA,NA,NA,NA,8,3.8,2.9,4.6
NLD,2010,NA,NA,NA,NA,7,3.7,2.8,4.4
NLD,2011,NA,NA,NA,NA,7,3.6,2.7,4.3
NLD,2012,NA,NA,NA,NA,7,3.6,2.7,4.2
NLD,2013,NA,NA,NA,NA,6,3.5,2.7,4.1
NLD,2014,NA,NA,NA,NA,6,3.5,2.6,4.1
NLD,2015,NA,NA,NA,NA,6,3.4,2.6,4
NLD,2016,0,no,NA,NA,6,3.4,2.6,4
NLD,2017,NA,NA,NA,NA,5,3.5,2.6,4
NLD,2018,NA,NA,NA,NA,NA,3.5,2.6,4.1
NLD,2019,NA,NA,NA,NA,NA,3.5,2.7,4.1
NOR,2000,NA,NA,NA,NA,6,3.9,2.7,4.9
NOR,2001,NA,NA,NA,NA,5,3.8,2.6,4.7
NOR,2002,NA,NA,NA,NA,5,3.7,2.5,4.6
NOR,2003,NA,NA,NA,NA,5,3.6,2.4,4.4
NOR,2004,NA,NA,NA,NA,5,3.4,2.3,4.2
NOR,2005,NA,NA,NA,NA,5,3.3,2.3,4.1
NOR,2006,NA,NA,NA,NA,4,3.2,2.2,3.9
NOR,2007,NA,NA,NA,NA,4,3,2.1,3.7
NOR,2008,NA,NA,NA,NA,4,2.9,2,3.6
NOR,2009,NA,NA,NA,NA,4,2.8,1.9,3.4
NOR,2010,NA,NA,NA,NA,4,2.7,1.9,3.3
NOR,2011,NA,NA,NA,NA,4,2.5,1.8,3.1
NOR,2012,NA,NA,NA,NA,3,2.5,1.8,3
NOR,2013,NA,NA,NA,NA,3,2.4,1.7,2.9
NOR,2014,NA,NA,NA,NA,3,2.3,1.7,2.8
NOR,2015,NA,NA,NA,NA,3,2.2,1.6,2.7
NOR,2016,NA,NA,NA,NA,3,2.1,1.6,2.6
NOR,2017,NA,NA,NA,NA,2,2.1,1.5,2.5
NOR,2018,NA,NA,NA,NA,NA,2,1.4,2.4
NOR,2019,NA,NA,NA,NA,NA,1.9,1.4,2.3
NPL,2000,295,yes,NA,NA,553,58.7,39.3,79.1
NPL,2001,365,yes,NA,NA,521,55.8,37.8,74.6
NPL,2002,569,yes,NA,NA,520,53.1,36.3,70.4
NPL,2003,4432,yes,NA,NA,470,50.6,34.9,66.4
NPL,2004,1732,yes,NA,NA,447,48.2,33.5,62.7
NPL,2005,2456,yes,NA,NA,415,45.9,32.2,59.4
NPL,2006,1399,yes,1,0,386,43.8,31,56.3
NPL,2007,566,yes,NA,NA,361,41.9,29.8,53.4
NPL,2008,31,yes,NA,NA,342,40.1,28.7,50.8
NPL,2009,0,no,1,0,323,38.3,27.6,48.3
NPL,2010,9,no,NA,NA,305,36.6,26.5,45.9
NPL,2011,NA,NA,0,1,285,35,25.4,43.6
NPL,2012,NA,NA,NA,NA,266,33.5,24.3,41.5
NPL,2013,NA,NA,NA,NA,248,32,23.3,39.4
NPL,2014,NA,NA,NA,NA,231,30.5,22.4,37.4
NPL,2015,NA,NA,0,1,236,29.2,21.3,35.5
NPL,2015,NA,NA,0,1,236,29.2,21.3,35.5
NPL,2016,NA,NA,NA,NA,200,27.8,20.2,33.7
NPL,2017,NA,NA,NA,NA,186,26.6,19.2,32.1
NPL,2018,NA,NA,NA,NA,NA,25.5,18.3,30.6
NPL,2019,NA,NA,NA,NA,NA,24.5,17.5,29.3
NZL,2000,NA,NA,NA,NA,12,6.1,3.5,7.4
NZL,2001,NA,NA,NA,NA,11,5.9,3.5,7.2
NZL,2002,NA,NA,NA,NA,12,5.8,3.5,7
NZL,2003,NA,NA,NA,NA,12,5.7,3.4,6.9
NZL,2004,NA,NA,NA,NA,11,5.6,3.3,6.7
NZL,2005,NA,NA,NA,NA,11,5.5,3.1,6.6
NZL,2006,NA,NA,NA,NA,11,5.4,3,6.5
NZL,2007,NA,NA,NA,NA,11,5.3,2.9,6.4
NZL,2008,NA,NA,NA,NA,10,5.2,3,6.3
NZL,2009,NA,NA,NA,NA,11,5.2,3.1,6.2
NZL,2010,NA,NA,0,1,11,5.1,3.2,6.1
NZL,2011,NA,NA,0,1,10,5,3.3,6
NZL,2011,NA,NA,0,1,10,5,3.3,6
NZL,2012,NA,NA,NA,NA,10,4.9,3.4,5.9
NZL,2013,NA,NA,0,1,9,4.8,3.3,5.8
NZL,2013,NA,NA,1,0,9,4.8,3.3,5.8
NZL,2014,NA,NA,NA,NA,10,4.7,3.3,5.7
NZL,2015,NA,NA,NA,NA,10,4.6,3.2,5.5
NZL,2016,NA,NA,0,1,10,4.4,3.1,5.4
NZL,2017,NA,NA,NA,NA,9,4.3,2.9,5.2
NZL,2018,NA,NA,NA,NA,NA,4.2,2.8,5
NZL,2019,NA,NA,NA,NA,NA,4.1,2.7,4.9
OMN,2000,NA,NA,NA,NA,20,14.2,7.3,16.5
OMN,2001,NA,NA,NA,NA,20,13.3,6.9,15.4
OMN,2002,NA,NA,NA,NA,20,12.5,6.5,14.5
OMN,2003,NA,NA,NA,NA,20,11.9,6.2,13.8
OMN,2004,NA,NA,NA,NA,19,11.4,5.9,13.2
OMN,2005,NA,NA,NA,NA,19,11,5.7,12.8
OMN,2006,NA,NA,NA,NA,18,10.7,5.6,12.5
OMN,2007,NA,NA,NA,NA,18,10.5,5.4,12.2
OMN,2008,NA,NA,NA,NA,18,10.3,5.3,12
OMN,2009,NA,NA,NA,NA,18,10.2,5.3,11.8
OMN,2010,NA,NA,NA,NA,18,10.1,5.2,11.7
OMN,2011,NA,NA,NA,NA,18,10,5.2,11.6
OMN,2012,NA,NA,NA,NA,18,9.8,5.1,11.4
OMN,2013,NA,NA,NA,NA,18,9.7,5,11.3
OMN,2014,NA,NA,NA,NA,18,9.7,5,11.2
OMN,2015,NA,NA,NA,NA,19,9.6,5,11.2
OMN,2016,NA,NA,NA,NA,19,9.6,5,11.2
OMN,2017,NA,NA,NA,NA,19,9.6,5,11.2
OMN,2018,NA,NA,NA,NA,NA,9.6,5,11.1
OMN,2019,NA,NA,NA,NA,NA,9.5,4.9,11.1
PAK,2000,57,yes,NA,NA,286,84.6,56.8,107.8
PAK,2001,59,yes,0,1,275,82.6,55.8,105
PAK,2002,42,yes,0,1,264,80.9,54.9,102.4
PAK,2002,42,yes,0,1,264,80.9,54.9,102.4
PAK,2002,42,yes,0,1,264,80.9,54.9,102.4
PAK,2003,170,yes,NA,NA,254,79.3,54,100.2
PAK,2004,242,yes,0,1,243,77.9,53.3,98.1
PAK,2005,430,yes,0,1,237,76.6,52.6,96.3
PAK,2006,153,yes,NA,NA,222,75.4,52,94.5
PAK,2007,427,yes,NA,NA,214,74.1,51.4,92.7
PAK,2008,1366,yes,0,1,205,72.8,50.9,90.9
PAK,2009,4620,yes,NA,NA,199,71.5,50.4,89.1
PAK,2010,7460,yes,NA,NA,191,70.1,49.8,87.1
PAK,2011,7226,yes,0,1,180,68.6,49,85
PAK,2012,3475,yes,NA,NA,173,67,48.1,82.8
PAK,2013,3541,yes,0,1,166,65.4,47.1,80.6
PAK,2013,3541,yes,0,1,166,65.4,47.1,80.6
PAK,2013,3541,yes,0,1,166,65.4,47.1,80.6
PAK,2014,2914,yes,NA,NA,161,63.8,46.2,78.3
PAK,2015,3620,yes,0,1,154,62.1,45.2,76
PAK,2015,3620,yes,0,1,154,62.1,45.2,76
PAK,2016,2450,yes,0,1,143,60.5,44.3,73.8
PAK,2017,1100,yes,NA,NA,140,58.9,43.3,71.6
PAK,2018,954,yes,NA,NA,NA,57.3,42.3,69.5
PAK,2019,483,yes,1,0,NA,55.7,41.4,67.3
PAK,2019,483,yes,0,1,NA,55.7,41.4,67.3
PAN,2000,NA,NA,NA,NA,91,21.9,14.7,26
PAN,2001,NA,NA,NA,NA,86,21.4,14.3,25.4
PAN,2002,NA,NA,NA,NA,91,20.9,14,24.8
PAN,2003,NA,NA,0,1,93,20.5,13.6,24.1
PAN,2003,NA,NA,0,1,93,20.5,13.6,24.1
PAN,2004,NA,NA,NA,NA,88,20,13.2,23.5
PAN,2005,NA,NA,NA,NA,88,19.5,12.9,22.9
PAN,2006,NA,NA,NA,NA,88,19,12.5,22.3
PAN,2007,NA,NA,NA,NA,86,18.5,12.2,21.7
PAN,2008,NA,NA,NA,NA,84,18,11.9,21.1
PAN,2009,NA,NA,NA,NA,82,17.5,11.5,20.5
PAN,2010,NA,NA,NA,NA,79,17,11.1,19.9
PAN,2011,NA,NA,NA,NA,76,16.5,10.8,19.3
PAN,2012,NA,NA,NA,NA,74,16,10.4,18.7
PAN,2013,NA,NA,1,0,66,15.5,10.1,18.1
PAN,2014,NA,NA,NA,NA,60,15.1,9.8,17.6
PAN,2015,NA,NA,1,0,58,14.6,9.5,17
PAN,2016,NA,NA,NA,NA,55,14.1,9.2,16.4
PAN,2017,NA,NA,NA,NA,52,13.7,8.9,15.9
PAN,2018,NA,NA,1,0,NA,13.2,8.6,15.4
PAN,2019,NA,NA,NA,NA,NA,12.8,8.3,14.8
PER,2000,89,yes,NA,NA,144,29.3,16.1,38.2
PER,2001,5,no,0,1,138,27.2,15.2,35.3
PER,2001,5,no,0,1,138,27.2,15.2,35.3
PER,2001,5,no,0,1,138,27.2,15.2,35.3
PER,2002,21,no,1,0,132,25.2,14.3,32.7
PER,2003,13,no,NA,NA,127,23.5,13.5,30.4
PER,2004,13,no,1,0,122,22,12.8,28.3
PER,2005,3,no,0,1,118,20.6,12.2,26.5
PER,2005,3,no,0,1,118,20.6,12.2,26.5
PER,2006,0,no,1,0,114,19.3,11.7,24.9
PER,2007,11,no,0,1,112,18.2,11.1,23.4
PER,2008,32,yes,NA,NA,108,17.1,10.6,22
PER,2009,40,yes,NA,NA,106,16.2,10.1,20.8
PER,2010,54,yes,NA,NA,104,15.3,9.7,19.8
PER,2011,29,yes,0,1,102,14.6,9.4,18.8
PER,2012,15,no,0,1,100,13.9,9,17.9
PER,2013,NA,NA,0,1,98,13.3,8.7,17.1
PER,2014,3,no,0,1,96,12.7,8.4,16.4
PER,2015,14,no,NA,NA,94,12.2,8,15.7
PER,2016,9,no,0,1,91,11.7,7.8,15
PER,2016,9,no,0,1,91,11.7,7.8,15
PER,2017,11,no,NA,NA,88,11.2,7.5,14.4
PER,2018,7,no,0,1,NA,10.7,7.2,13.8
PER,2019,NA,NA,0,1,NA,10.3,7,13.3
PHL,2000,219,yes,NA,NA,160,28.7,16.5,37.7
PHL,2001,1761,yes,NA,NA,163,28.2,16.5,36.9
PHL,2002,792,yes,0,1,160,27.8,16.3,36.2
PHL,2002,792,yes,1,0,160,27.8,16.3,36.2
PHL,2003,763,yes,NA,NA,156,27.3,16.2,35.5
PHL,2004,1132,yes,NA,NA,156,26.9,16,34.9
PHL,2005,470,yes,NA,NA,156,26.4,15.8,34.2
PHL,2006,487,yes,NA,NA,156,26,15.6,33.6
PHL,2007,434,yes,1,0,149,25.7,15.4,33
PHL,2008,483,yes,NA,NA,148,25.3,15.2,32.5
PHL,2009,566,yes,0,1,149,25,15,32.1
PHL,2010,1047,yes,NA,NA,144,24.8,14.9,31.7
PHL,2011,372,yes,0,1,141,24.5,14.7,31.3
PHL,2012,414,yes,0,1,139,24.2,14.6,30.9
PHL,2012,414,yes,0,1,139,24.2,14.6,30.9
PHL,2012,414,yes,0,1,139,24.2,14.6,30.9
PHL,2013,311,yes,0,1,136,23.9,14.4,30.5
PHL,2014,537,yes,NA,NA,131,23.7,14.3,30.1
PHL,2015,484,yes,1,0,127,23.4,14.1,29.6
PHL,2016,628,yes,0,1,124,23,13.9,29.1
PHL,2017,616,yes,0,1,121,22.6,13.6,28.5
PHL,2017,616,yes,0,1,121,22.6,13.6,28.5
PHL,2017,616,yes,0,1,121,22.6,13.6,28.5
PHL,2018,1708,yes,NA,NA,NA,22.1,13.3,27.9
PHL,2019,436,yes,0,1,NA,21.5,12.9,27.1
PHL,2019,436,yes,1,0,NA,21.5,12.9,27.1
PHL,2019,436,yes,0,1,NA,21.5,12.9,27.1
PHL,2019,436,yes,0,1,NA,21.5,12.9,27.1
PHL,2019,436,yes,0,1,NA,21.5,12.9,27.1
PHL,2019,436,yes,0,1,NA,21.5,12.9,27.1
PHL,2019,436,yes,0,1,NA,21.5,12.9,27.1
PHL,2019,436,yes,0,1,NA,21.5,12.9,27.1
PNG,2000,60,yes,0,1,249,53.6,30.2,71.1
PNG,2001,13,no,0,1,242,52.8,29.6,69.9
PNG,2002,65,yes,0,1,234,52.1,29.1,68.8
PNG,2002,65,yes,0,1,234,52.1,29.1,68.8
PNG,2003,7,no,NA,NA,225,51.3,28.7,67.5
PNG,2004,NA,NA,NA,NA,213,50.4,28.2,66.2
PNG,2005,NA,NA,0,1,200,49.6,27.9,64.9
PNG,2006,NA,NA,NA,NA,187,48.7,27.6,63.5
PNG,2007,NA,NA,NA,NA,179,47.8,27.3,62.1
PNG,2008,NA,NA,NA,NA,173,46.8,27,60.8
PNG,2009,NA,NA,NA,NA,170,45.9,26.6,59.3
PNG,2010,NA,NA,NA,NA,168,44.9,26.1,57.9
PNG,2011,NA,NA,NA,NA,166,44,25.6,56.5
PNG,2012,NA,NA,NA,NA,164,43,25.1,55.2
PNG,2013,57,yes,NA,NA,160,42.1,24.7,53.8
PNG,2014,NA,NA,NA,NA,155,41.2,24.3,52.4
PNG,2015,NA,NA,1,0,151,40.2,23.8,51
PNG,2016,NA,NA,NA,NA,148,39.3,23.4,49.7
PNG,2017,NA,NA,NA,NA,145,38.2,22.9,48.2
PNG,2018,NA,NA,0,1,NA,37.2,22.5,46.8
PNG,2018,NA,NA,0,1,NA,37.2,22.5,46.8
PNG,2018,NA,NA,0,1,NA,37.2,22.5,46.8
PNG,2019,NA,NA,0,1,NA,36.2,22,45.3
POL,2000,NA,NA,NA,NA,7,8.1,5.8,9.3
POL,2001,NA,NA,NA,NA,6,7.6,5.4,8.8
POL,2002,NA,NA,NA,NA,5,7.3,5.2,8.4
POL,2003,NA,NA,NA,NA,5,7,5,8.1
POL,2004,NA,NA,NA,NA,5,6.8,4.8,7.8
POL,2005,NA,NA,NA,NA,4,6.5,4.6,7.6
POL,2006,NA,NA,NA,NA,4,6.3,4.4,7.3
POL,2007,NA,NA,NA,NA,4,6.1,4.2,7
POL,2008,NA,NA,NA,NA,4,5.8,4,6.7
POL,2009,NA,NA,NA,NA,3,5.5,3.8,6.3
POL,2010,NA,NA,NA,NA,3,5.1,3.6,6
POL,2011,NA,NA,NA,NA,3,4.9,3.4,5.7
POL,2012,NA,NA,NA,NA,3,4.7,3.2,5.4
POL,2013,NA,NA,NA,NA,3,4.5,3.1,5.2
POL,2014,NA,NA,NA,NA,2,4.3,3,5
POL,2015,NA,NA,NA,NA,2,4.2,2.9,4.9
POL,2016,NA,NA,NA,NA,2,4.1,2.9,4.7
POL,2017,NA,NA,NA,NA,2,4,2.8,4.6
POL,2018,NA,NA,1,0,NA,3.9,2.8,4.5
POL,2019,NA,NA,NA,NA,NA,3.8,2.7,4.4
PRI,2000,NA,NA,NA,NA,26,NA,NA,NA
PRI,2001,NA,NA,NA,NA,26,NA,NA,NA
PRI,2002,NA,NA,NA,NA,24,NA,NA,NA
PRI,2003,NA,NA,NA,NA,23,NA,NA,NA
PRI,2004,NA,NA,NA,NA,25,NA,NA,NA
PRI,2005,NA,NA,NA,NA,23,NA,NA,NA
PRI,2006,NA,NA,NA,NA,23,NA,NA,NA
PRI,2007,NA,NA,NA,NA,23,NA,NA,NA
PRI,2008,NA,NA,NA,NA,23,NA,NA,NA
PRI,2009,NA,NA,NA,NA,23,NA,NA,NA
PRI,2010,NA,NA,NA,NA,21,NA,NA,NA
PRI,2011,NA,NA,NA,NA,22,NA,NA,NA
PRI,2012,NA,NA,NA,NA,19,NA,NA,NA
PRI,2013,NA,NA,NA,NA,20,NA,NA,NA
PRI,2014,NA,NA,NA,NA,21,NA,NA,NA
PRI,2015,NA,NA,NA,NA,20,NA,NA,NA
PRI,2016,NA,NA,NA,NA,20,NA,NA,NA
PRI,2017,NA,NA,NA,NA,21,NA,NA,NA
PRI,2018,NA,NA,NA,NA,NA,NA,NA,NA
PRI,2019,NA,NA,NA,NA,NA,NA,NA,NA
PRK,2000,NA,NA,NA,NA,139,44.5,27.3,60
PRK,2001,NA,NA,NA,NA,128,39.1,24.9,52.1
PRK,2002,NA,NA,NA,NA,122,34.2,22.5,44.7
PRK,2003,NA,NA,NA,NA,121,30.4,20.5,38.9
PRK,2004,NA,NA,NA,NA,120,27.8,18.8,35
PRK,2005,NA,NA,NA,NA,120,26.4,17.7,33
PRK,2006,NA,NA,NA,NA,120,26,17.4,32.4
PRK,2007,NA,NA,NA,NA,119,25.7,17.4,32.2
PRK,2008,NA,NA,NA,NA,118,25.2,17.1,31.8
PRK,2009,NA,NA,NA,NA,113,24.4,16.7,31
PRK,2010,NA,NA,NA,NA,106,23.1,15.9,29.5
PRK,2011,NA,NA,NA,NA,100,21.5,14.9,27.7
PRK,2012,NA,NA,1,0,96,19.8,13.9,25.7
PRK,2013,NA,NA,NA,NA,94,18.3,12.9,24
PRK,2014,NA,NA,NA,NA,93,17,12.1,22.4
PRK,2015,NA,NA,1,0,91,16,11.4,21.1
PRK,2016,NA,NA,NA,NA,90,15.1,10.8,20
PRK,2017,NA,NA,1,0,89,14.4,10.3,19
PRK,2018,NA,NA,NA,NA,NA,13.7,9.8,18.2
PRK,2019,NA,NA,1,0,NA,13.1,9.3,17.3
PRT,2000,NA,NA,NA,NA,10,5.5,3.4,7.2
PRT,2001,NA,NA,NA,NA,10,5.1,3.2,6.6
PRT,2002,NA,NA,NA,NA,10,4.7,3,6.1
PRT,2003,NA,NA,NA,NA,10,4.3,2.8,5.5
PRT,2004,NA,NA,1,0,10,3.9,2.6,5
PRT,2005,NA,NA,NA,NA,9,3.6,2.4,4.6
PRT,2006,NA,NA,NA,NA,9,3.4,2.2,4.4
PRT,2007,NA,NA,NA,NA,9,3.3,2.1,4.2
PRT,2008,NA,NA,NA,NA,9,3.2,2.1,4
PRT,2009,NA,NA,NA,NA,9,3.1,2.1,3.9
PRT,2010,NA,NA,NA,NA,9,3.1,2.1,3.8
PRT,2011,NA,NA,NA,NA,9,3,2.1,3.7
PRT,2012,NA,NA,NA,NA,9,3,2.1,3.7
PRT,2013,NA,NA,NA,NA,8,3,2.1,3.7
PRT,2014,NA,NA,NA,NA,8,3,2.1,3.6
PRT,2015,NA,NA,NA,NA,9,3,2.1,3.6
PRT,2016,NA,NA,NA,NA,9,3,2.1,3.6
PRT,2017,NA,NA,NA,NA,8,3,2,3.6
PRT,2018,NA,NA,NA,NA,NA,2.9,2,3.6
PRT,2019,NA,NA,NA,NA,NA,2.8,1.9,3.4
PRY,2000,NA,NA,NA,NA,194,27.9,18.1,33.9
PRY,2001,NA,NA,NA,NA,191,27.4,17.7,33.1
PRY,2002,NA,NA,NA,NA,188,26.8,17.3,32.3
PRY,2003,NA,NA,NA,NA,185,26.2,16.9,31.6
PRY,2004,NA,NA,NA,NA,180,25.6,16.5,30.8
PRY,2005,NA,NA,1,0,174,25,16.1,30
PRY,2006,NA,NA,NA,NA,168,24.5,15.7,29.3
PRY,2007,NA,NA,NA,NA,163,23.9,15.2,28.5
PRY,2008,NA,NA,1,0,158,23.2,14.8,27.7
PRY,2009,NA,NA,1,0,153,22.6,14.4,26.9
PRY,2010,NA,NA,NA,NA,148,22,14,26.2
PRY,2011,NA,NA,NA,NA,145,21.4,13.5,25.4
PRY,2012,NA,NA,1,0,141,20.8,13.1,24.6
PRY,2013,NA,NA,1,0,138,20.2,12.7,23.8
PRY,2014,NA,NA,NA,NA,135,19.6,12.3,23
PRY,2015,NA,NA,NA,NA,132,19,11.9,22.3
PRY,2016,NA,NA,1,0,130,18.4,11.6,21.6
PRY,2017,NA,NA,NA,NA,129,17.8,11.2,20.9
PRY,2018,NA,NA,NA,NA,NA,17.2,10.8,20.2
PRY,2019,NA,NA,NA,NA,NA,16.7,10.4,19.5
QAT,2000,NA,NA,NA,NA,14,10.7,6.6,12.5
QAT,2001,NA,NA,NA,NA,14,10.3,6.3,12
QAT,2002,NA,NA,NA,NA,13,10,6.1,11.6
QAT,2003,NA,NA,NA,NA,13,9.6,5.9,11.2
QAT,2004,NA,NA,NA,NA,13,9.3,5.8,10.8
QAT,2005,0,no,NA,NA,12,8.9,5.6,10.4
QAT,2006,NA,NA,NA,NA,11,8.7,5.3,10.1
QAT,2007,NA,NA,NA,NA,11,8.4,5.1,9.8
QAT,2008,NA,NA,NA,NA,11,8.2,4.9,9.6
QAT,2009,NA,NA,NA,NA,10,8,4.7,9.4
QAT,2010,NA,NA,NA,NA,10,7.8,4.5,9.1
QAT,2011,NA,NA,NA,NA,10,7.6,4.4,8.9
QAT,2012,NA,NA,NA,NA,10,7.4,4.2,8.7
QAT,2013,NA,NA,NA,NA,10,7.2,4.1,8.4
QAT,2014,NA,NA,NA,NA,10,7,4,8.1
QAT,2015,NA,NA,NA,NA,9,6.7,3.9,7.8
QAT,2016,NA,NA,NA,NA,9,6.3,3.9,7.4
QAT,2017,NA,NA,NA,NA,9,6,3.8,7
QAT,2018,NA,NA,NA,NA,NA,5.6,3.8,6.6
QAT,2019,NA,NA,NA,NA,NA,5.3,3.7,6.1
ROU,2000,NA,NA,1,0,54,18.1,10.5,21.6
ROU,2001,NA,NA,NA,NA,49,17.3,9.9,20.5
ROU,2002,NA,NA,NA,NA,47,17,9.6,20.1
ROU,2003,NA,NA,NA,NA,43,17,9.4,20
ROU,2004,NA,NA,NA,NA,39,16.5,9.1,19.4
ROU,2005,NA,NA,NA,NA,35,15.5,8.5,18.1
ROU,2006,NA,NA,NA,NA,32,14.2,7.7,16.6
ROU,2007,NA,NA,NA,NA,30,13,6.9,15.2
ROU,2008,NA,NA,NA,NA,28,11.9,6.3,14
ROU,2009,NA,NA,NA,NA,28,11.1,5.8,13.1
ROU,2010,NA,NA,NA,NA,27,10.5,5.4,12.4
ROU,2011,NA,NA,NA,NA,24,10,5.2,11.8
ROU,2012,NA,NA,NA,NA,23,9.5,5.1,11.2
ROU,2013,NA,NA,NA,NA,21,8.9,5,10.6
ROU,2014,NA,NA,NA,NA,21,8.3,4.7,9.9
ROU,2015,NA,NA,NA,NA,21,7.7,4.3,9.2
ROU,2016,NA,NA,NA,NA,21,7,3.9,8.5
ROU,2017,NA,NA,NA,NA,19,6.5,3.6,7.9
ROU,2018,NA,NA,NA,NA,NA,6.1,3.4,7.4
ROU,2019,NA,NA,NA,NA,NA,5.8,3.4,7.1
RUS,2000,6197,yes,0,1,56,15.5,9,19.3
RUS,2001,4333,yes,NA,NA,53,14.7,8.6,18.3
RUS,2002,992,yes,NA,NA,51,13.8,8,17.2
RUS,2003,1509,yes,0,1,49,12.9,7.3,16.1
RUS,2003,1509,yes,1,0,49,12.9,7.3,16.1
RUS,2004,539,yes,0,1,45,12,6.8,14.9
RUS,2005,1317,yes,NA,NA,42,11.1,6.4,13.8
RUS,2006,688,yes,0,1,36,10.3,6,12.8
RUS,2007,260,yes,0,1,32,9.6,5.4,11.9
RUS,2008,182,yes,0,1,30,9,4.9,11.2
RUS,2009,410,yes,NA,NA,27,8.6,4.6,10.7
RUS,2010,697,yes,1,0,25,8.3,4.6,10.4
RUS,2011,481,yes,NA,NA,23,8.1,4.7,10.1
RUS,2012,396,yes,1,0,22,7.9,4.7,9.8
RUS,2013,525,yes,NA,NA,20,7.6,4.6,9.4
RUS,2014,365,yes,NA,NA,19,7.2,4.4,8.9
RUS,2015,176,yes,NA,NA,18,6.6,4,8.2
RUS,2016,86,yes,NA,NA,18,6.1,3.5,7.5
RUS,2017,78,yes,NA,NA,17,5.5,3.2,6.9
RUS,2018,53,yes,NA,NA,NA,5.1,2.9,6.3
RUS,2019,38,yes,NA,NA,NA,4.7,2.6,5.8
RWA,2000,29,yes,NA,NA,1160,109.5,43.2,185.2
RWA,2001,NA,NA,NA,NA,1100,100,40.2,167.4
RWA,2002,2044,yes,0,1,961,90.3,37.3,149.6
RWA,2003,NA,NA,1,0,870,81.4,34.6,133.5
RWA,2004,NA,NA,NA,NA,758,72.8,32.1,118.6
RWA,2005,16,no,NA,NA,643,65.5,30,105.4
RWA,2006,NA,NA,NA,NA,541,59.3,28.1,93.9
RWA,2007,NA,NA,NA,NA,469,54.4,26.5,84.4
RWA,2008,NA,NA,0,1,427,50.2,25.1,76.3
RWA,2009,NA,NA,NA,NA,424,47,24,69.6
RWA,2010,2,no,NA,NA,373,44,23,63.8
RWA,2011,NA,NA,NA,NA,349,40.6,22.1,58.6
RWA,2012,0,no,NA,NA,329,38.8,21.3,54.9
RWA,2013,13,no,NA,NA,308,37.1,20.7,52
RWA,2014,4,no,NA,NA,291,35.7,20.2,49.7
RWA,2015,NA,NA,NA,NA,275,34.6,19.7,47.7
RWA,2016,NA,NA,NA,NA,260,33.7,19.3,46
RWA,2017,27,yes,NA,NA,248,32.9,19,44.6
RWA,2018,10,no,NA,NA,NA,32,18.6,43.4
RWA,2019,6,no,NA,NA,NA,31.1,18.2,41.9
SAU,2000,NA,NA,NA,NA,24,18.8,11.5,22
SAU,2001,NA,NA,NA,NA,24,17.7,10.8,20.7
SAU,2002,NA,NA,NA,NA,23,16.7,10.2,19.6
SAU,2003,NA,NA,NA,NA,23,15.8,9.6,18.5
SAU,2004,26,yes,NA,NA,22,15,9,17.4
SAU,2005,91,yes,NA,NA,22,14.2,8.5,16.5
SAU,2006,31,yes,NA,NA,21,13.4,8.1,15.5
SAU,2007,11,no,NA,NA,21,12.6,7.6,14.7
SAU,2008,2,no,NA,NA,20,11.9,7.1,13.8
SAU,2009,NA,NA,NA,NA,20,11.2,6.7,13
SAU,2010,NA,NA,NA,NA,19,10.5,6.3,12.3
SAU,2011,NA,NA,NA,NA,18,9.9,5.9,11.5
SAU,2012,NA,NA,NA,NA,18,9.3,5.6,10.8
SAU,2013,NA,NA,NA,NA,17,8.8,5.2,10.2
SAU,2014,NA,NA,NA,NA,17,8.3,4.9,9.6
SAU,2015,NA,NA,NA,NA,17,7.8,4.6,9.1
SAU,2016,110,yes,NA,NA,17,7.3,4.3,8.6
SAU,2017,125,yes,NA,NA,17,6.9,4.1,8.1
SAU,2018,45,yes,NA,NA,NA,6.6,3.8,7.7
SAU,2019,11,no,NA,NA,NA,6.3,3.6,7.3
SDN,2000,2067,yes,NA,NA,667,66.9,37.1,104.3
SDN,2001,3537,yes,NA,NA,645,65,36.4,100.9
SDN,2002,3719,yes,NA,NA,614,63,35.8,97.4
SDN,2003,3227,yes,NA,NA,598,61.2,35.2,94.2
SDN,2004,5010,yes,NA,NA,580,59.4,34.5,91
SDN,2005,9714,yes,NA,NA,529,57.8,33.9,88.1
SDN,2006,1505,yes,NA,NA,508,56.2,33.4,85.3
SDN,2007,2187,yes,NA,NA,479,54.7,33,82.7
SDN,2008,1180,yes,NA,NA,454,53.3,32.5,80.2
SDN,2009,1241,yes,NA,NA,433,52,32.2,77.9
SDN,2010,2689,yes,NA,NA,408,50.7,31.8,75.7
SDN,2011,1790,yes,1,0,390,49.6,31.4,73.7
SDN,2012,2567,yes,NA,NA,368,48.5,31,71.7
SDN,2013,1525,yes,NA,NA,349,47.4,30.5,69.8
SDN,2014,1959,yes,NA,NA,333,46.3,30,67.9
SDN,2015,1912,yes,1,0,320,45.2,29.5,65.9
SDN,2016,2552,yes,NA,NA,308,44.1,29,63.9
SDN,2017,1994,yes,NA,NA,295,43,28.5,62
SDN,2018,548,yes,NA,NA,NA,42,27.8,60.1
SDN,2019,432,yes,NA,NA,NA,41,27.3,58.4
SEN,2000,31,yes,NA,NA,553,67.7,38.2,129.5
SEN,2001,56,yes,NA,NA,545,65.2,37.2,122.9
SEN,2002,47,yes,1,0,537,62.3,36,115.1
SEN,2003,45,yes,NA,NA,532,59.2,34.7,107
SEN,2004,39,yes,NA,NA,526,56.1,33.4,99.1
SEN,2005,3,no,NA,NA,519,53.2,32.1,91.8
SEN,2006,46,yes,NA,NA,514,50.6,30.8,85.2
SEN,2007,126,yes,NA,NA,504,48.2,29.6,79.4
SEN,2008,NA,NA,NA,NA,492,46.1,28.6,74.3
SEN,2009,11,no,NA,NA,472,44.1,27.6,69.8
SEN,2010,19,no,NA,NA,447,42.4,26.8,65.7
SEN,2011,19,no,1,0,423,40.7,26,62.1
SEN,2012,37,yes,NA,NA,400,39.2,25.3,58.7
SEN,2013,23,no,NA,NA,381,37.6,24.7,55.4
SEN,2014,8,no,1,0,364,36.2,24.2,52.3
SEN,2015,NA,NA,NA,NA,346,34.7,23.7,49.4
SEN,2016,NA,NA,NA,NA,330,33.3,23.1,46.5
SEN,2017,NA,NA,NA,NA,315,32,22.4,44
SEN,2018,NA,NA,1,0,NA,30.8,21.8,41.7
SEN,2019,1,no,NA,NA,NA,29.8,21.1,39.7
SGP,2000,NA,NA,NA,NA,13,3,1.6,3.9
SGP,2001,NA,NA,NA,NA,13,2.8,1.5,3.6
SGP,2002,NA,NA,NA,NA,14,2.6,1.4,3.4
SGP,2003,NA,NA,NA,NA,13,2.5,1.3,3.2
SGP,2004,NA,NA,NA,NA,14,2.4,1.3,3
SGP,2005,NA,NA,NA,NA,13,2.3,1.2,2.9
SGP,2006,NA,NA,NA,NA,13,2.3,1.2,2.9
SGP,2007,NA,NA,NA,NA,12,2.3,1.2,2.9
SGP,2008,NA,NA,NA,NA,11,2.3,1.2,2.8
SGP,2009,NA,NA,NA,NA,10,2.3,1.2,2.8
SGP,2010,NA,NA,NA,NA,10,2.3,1.1,2.8
SGP,2011,NA,NA,NA,NA,10,2.2,1.1,2.8
SGP,2012,NA,NA,NA,NA,10,2.2,1.1,2.8
SGP,2013,NA,NA,NA,NA,9,2.2,1,2.8
SGP,2014,NA,NA,NA,NA,8,2.2,1,2.7
SGP,2015,NA,NA,NA,NA,9,2.2,1,2.7
SGP,2016,NA,NA,NA,NA,8,2.2,1,2.7
SGP,2017,NA,NA,NA,NA,8,2.2,1,2.6
SGP,2018,NA,NA,NA,NA,NA,2.1,0.9,2.5
SGP,2019,NA,NA,NA,NA,NA,2,0.8,2.4
SLB,2000,NA,NA,NA,NA,245,25.6,12.8,30.7
SLB,2001,NA,NA,NA,NA,233,25.3,12.7,30.4
SLB,2002,NA,NA,NA,NA,222,25.1,12.6,30.1
SLB,2003,NA,NA,NA,NA,210,24.9,12.5,29.8
SLB,2004,NA,NA,NA,NA,199,24.7,12.3,29.6
SLB,2005,NA,NA,NA,NA,188,24.4,12.1,29.3
SLB,2006,NA,NA,NA,NA,177,24.1,11.9,28.9
SLB,2007,NA,NA,0,1,172,23.8,11.7,28.4
SLB,2008,NA,NA,NA,NA,159,23.3,11.4,27.8
SLB,2009,NA,NA,NA,NA,152,22.8,11.1,27.1
SLB,2010,NA,NA,0,1,141,22.2,10.8,26.4
SLB,2011,NA,NA,NA,NA,134,21.6,10.5,25.6
SLB,2012,NA,NA,NA,NA,127,21,10.1,24.9
SLB,2013,NA,NA,0,1,122,20.5,9.8,24.2
SLB,2014,NA,NA,NA,NA,120,19.9,9.5,23.4
SLB,2015,NA,NA,1,0,112,19.3,9.2,22.7
SLB,2016,NA,NA,0,1,108,18.8,8.9,22
SLB,2017,NA,NA,NA,NA,104,18.2,8.6,21.4
SLB,2018,NA,NA,NA,NA,NA,17.7,8.4,20.7
SLB,2019,NA,NA,NA,NA,NA,17.1,8.1,20
SLE,2000,4493,yes,NA,NA,2480,138.1,48.4,224.9
SLE,2001,856,yes,NA,NA,2250,135.6,47.8,219.4
SLE,2002,73,yes,NA,NA,2080,132.9,47.2,213.9
SLE,2003,1,no,NA,NA,1960,130.2,46.5,208.1
SLE,2004,NA,NA,NA,NA,1850,127.2,45.7,202
SLE,2005,NA,NA,NA,NA,1760,124.1,44.9,195.5
SLE,2006,NA,NA,NA,NA,1680,120.9,44.1,188.9
SLE,2007,NA,NA,NA,NA,1610,117.6,43.1,182
SLE,2008,NA,NA,NA,NA,1530,114.2,41.9,174.9
SLE,2009,NA,NA,NA,NA,1450,110.6,40.7,167.7
SLE,2010,NA,NA,NA,NA,1360,107.2,39.5,160.6
SLE,2011,NA,NA,NA,NA,1270,103.8,38.4,153.8
SLE,2012,NA,NA,NA,NA,1210,100.7,37.4,147.3
SLE,2013,NA,NA,NA,NA,1180,97.7,36.5,141.2
SLE,2014,NA,NA,NA,NA,1190,95.6,35.7,139.2
SLE,2015,NA,NA,NA,NA,1180,95.1,35,140.2
SLE,2016,NA,NA,NA,NA,1120,89.7,34.1,125.4
SLE,2017,NA,NA,NA,NA,1120,87.3,33.4,120.7
SLE,2018,NA,NA,NA,NA,NA,84.8,32.7,116.2
SLE,2019,NA,NA,NA,NA,NA,82.4,32,111.9
SLV,2000,NA,NA,NA,NA,73,27.4,15,33.2
SLV,2001,NA,NA,0,1,75,26,14.1,31.3
SLV,2001,NA,NA,0,1,75,26,14.1,31.3
SLV,2001,NA,NA,1,0,75,26,14.1,31.3
SLV,2002,NA,NA,NA,NA,68,24.7,13.4,29.6
SLV,2003,NA,NA,NA,NA,66,23.5,12.8,28.1
SLV,2004,NA,NA,NA,NA,64,22.4,12.1,26.6
SLV,2005,NA,NA,0,1,62,21.2,11.6,25.1
SLV,2006,NA,NA,0,1,60,20.2,11.1,23.8
SLV,2007,NA,NA,NA,NA,58,19.2,10.6,22.6
SLV,2008,NA,NA,NA,NA,57,18.3,10.1,21.4
SLV,2009,NA,NA,1,0,57,17.4,9.7,20.4
SLV,2010,NA,NA,NA,NA,54,16.6,9.3,19.4
SLV,2011,NA,NA,NA,NA,53,15.8,8.9,18.5
SLV,2012,NA,NA,NA,NA,52,15.1,8.5,17.6
SLV,2013,NA,NA,NA,NA,50,14.4,8.2,16.8
SLV,2014,NA,NA,1,0,49,13.8,7.8,16.1
SLV,2015,NA,NA,NA,NA,48,13.3,7.5,15.5
SLV,2016,NA,NA,NA,NA,47,12.8,7.2,14.9
SLV,2017,NA,NA,NA,NA,46,12.3,7,14.3
SLV,2018,NA,NA,1,0,NA,11.9,6.7,13.8
SLV,2018,NA,NA,0,1,NA,11.9,6.7,13.8
SLV,2019,NA,NA,0,1,NA,11.5,6.5,13.3
SOM,2000,542,yes,NA,NA,1210,104.4,44.7,172.7
SOM,2001,185,yes,NA,NA,1170,104.4,44.9,172.7
SOM,2002,483,yes,NA,NA,1140,104.4,45.3,172.7
SOM,2003,638,yes,NA,NA,1100,104.4,45.6,172.7
SOM,2004,405,yes,1,0,1080,104.4,45.7,172.7
SOM,2004,405,yes,0,1,1080,104.4,45.7,172.7
SOM,2005,670,yes,1,0,1040,104.4,45.9,172.6
SOM,2006,340,yes,NA,NA,1040,104,45.9,172
SOM,2007,1204,yes,NA,NA,1030,103,45.5,170.1
SOM,2008,1620,yes,1,0,1010,101.1,45,166.5
SOM,2009,1751,yes,NA,NA,994,98.7,44.3,161.9
SOM,2010,2204,yes,1,0,985,96.2,43.6,157.4
SOM,2011,2722,yes,1,0,955,93.8,42.9,152.8
SOM,2012,2118,yes,NA,NA,943,91,42.4,147.8
SOM,2013,2989,yes,NA,NA,893,88.4,41.6,143
SOM,2014,1045,yes,1,0,878,85.9,40.8,138.4
SOM,2015,1247,yes,1,0,855,83.6,40,134.3
SOM,2016,1250,yes,NA,NA,865,81.4,39.3,130.3
SOM,2017,2065,yes,NA,NA,829,79.1,38.7,126.1
SOM,2018,2071,yes,NA,NA,NA,76.8,38.1,122
SOM,2019,2500,yes,1,0,NA,74.8,37.4,118.3
SRB,2000,2173,yes,NA,NA,13,10.9,7.8,12.6
SRB,2001,NA,NA,NA,NA,13,10.6,7.5,12.2
SRB,2002,0,no,NA,NA,13,9.9,7.1,11.5
SRB,2003,NA,NA,NA,NA,13,9.1,6.5,10.5
SRB,2004,NA,NA,NA,NA,13,8.4,6,9.7
SRB,2005,NA,NA,NA,NA,12,7.7,5.6,8.9
SRB,2006,NA,NA,NA,NA,12,7.3,5.2,8.4
SRB,2007,NA,NA,NA,NA,12,7,5.1,8.1
SRB,2008,NA,NA,NA,NA,12,6.9,5,8
SRB,2009,NA,NA,NA,NA,12,6.7,4.9,7.8
SRB,2010,NA,NA,0,1,12,6.6,4.8,7.6
SRB,2011,NA,NA,NA,NA,12,6.4,4.7,7.4
SRB,2012,NA,NA,NA,NA,12,6.2,4.5,7.1
SRB,2013,NA,NA,NA,NA,12,5.9,4.4,6.9
SRB,2014,NA,NA,NA,NA,12,5.7,4.2,6.6
SRB,2015,NA,NA,NA,NA,13,5.4,4,6.3
SRB,2016,NA,NA,NA,NA,12,5.2,3.8,6
SRB,2017,NA,NA,NA,NA,12,5.1,3.7,5.9
SRB,2018,NA,NA,NA,NA,NA,5,3.6,5.8
SRB,2019,NA,NA,NA,NA,NA,4.9,3.6,5.7
SSD,2000,NA,NA,NA,NA,1730,108.9,56,181.2
SSD,2001,NA,NA,NA,NA,1690,104.1,54.9,172.1
SSD,2002,NA,NA,NA,NA,1660,99.5,53.5,163.4
SSD,2003,NA,NA,NA,NA,1610,95,52.3,155.1
SSD,2004,NA,NA,NA,NA,1550,90.7,51,147.3
SSD,2005,NA,NA,NA,NA,1480,86.6,49.8,139.7
SSD,2006,NA,NA,NA,NA,1410,82.8,48.5,132.7
SSD,2007,NA,NA,NA,NA,1330,79.1,47.1,126.1
SSD,2008,NA,NA,NA,NA,1250,75.7,45.7,119.9
SSD,2009,NA,NA,1,0,1170,72.4,44.3,114
SSD,2010,NA,NA,NA,NA,1100,69.2,43,108.4
SSD,2011,NA,NA,NA,NA,1070,66.4,41.7,103.5
SSD,2012,1194,yes,NA,NA,1050,64.5,40.9,100
SSD,2013,864,yes,NA,NA,1090,63.6,40.4,98.3
SSD,2014,1827,yes,NA,NA,1140,63.3,40.3,97.9
SSD,2015,2491,yes,NA,NA,1110,63.3,40.3,97.9
SSD,2016,1137,yes,1,0,1130,63.3,40.4,97.9
SSD,2017,1303,yes,NA,NA,1150,63.3,40.5,97.9
SSD,2018,1271,yes,NA,NA,NA,63.3,40.4,97.9
SSD,2019,1217,yes,NA,NA,NA,63.3,40.3,97.9
STP,2000,NA,NA,NA,NA,179,54.3,22.2,82
STP,2001,NA,NA,NA,NA,173,51.2,21.8,76.5
STP,2002,NA,NA,NA,NA,169,48,21.3,71
STP,2003,NA,NA,NA,NA,167,45,20.6,65.6
STP,2004,NA,NA,NA,NA,166,42.1,19.8,60.4
STP,2005,NA,NA,NA,NA,163,39.3,19.1,55.5
STP,2006,NA,NA,NA,NA,158,36.6,18.5,50.9
STP,2007,NA,NA,NA,NA,154,34.2,17.9,46.7
STP,2008,NA,NA,NA,NA,150,31.9,17.4,42.9
STP,2009,NA,NA,NA,NA,145,29.7,16.8,39.3
STP,2010,NA,NA,NA,NA,140,27.6,16.1,36.1
STP,2011,NA,NA,NA,NA,137,25.7,15.1,33
STP,2012,NA,NA,NA,NA,134,23.7,14,30.2
STP,2013,NA,NA,NA,NA,132,22,13,27.7
STP,2014,NA,NA,NA,NA,131,20.1,12,25.3
STP,2015,NA,NA,NA,NA,130,18.5,11.1,23.1
STP,2016,NA,NA,NA,NA,130,16.9,10.2,21.2
STP,2017,NA,NA,NA,NA,130,15.5,9.4,19.5
STP,2018,NA,NA,NA,NA,NA,14.4,8.8,18.1
STP,2019,NA,NA,NA,NA,NA,13.5,8.2,17
SUR,2000,NA,NA,NA,NA,221,27.5,17.1,31.2
SUR,2001,NA,NA,NA,NA,218,26.6,17,30.1
SUR,2002,NA,NA,NA,NA,207,25.7,17,29.1
SUR,2003,NA,NA,NA,NA,189,24.9,17,28.2
SUR,2004,NA,NA,NA,NA,176,24.2,17,27.3
SUR,2005,NA,NA,NA,NA,164,23.5,16.8,26.5
SUR,2006,NA,NA,NA,NA,165,22.9,16.5,25.7
SUR,2007,NA,NA,NA,NA,167,22.2,16.1,25
SUR,2008,NA,NA,NA,NA,169,21.7,15.7,24.4
SUR,2009,NA,NA,NA,NA,159,21.1,15.2,23.7
SUR,2010,NA,NA,NA,NA,148,20.6,14.8,23.1
SUR,2011,NA,NA,NA,NA,139,20.1,14.3,22.5
SUR,2012,NA,NA,NA,NA,134,19.6,13.9,22
SUR,2013,NA,NA,NA,NA,129,19.1,13.4,21.4
SUR,2014,NA,NA,NA,NA,124,18.6,13.1,20.9
SUR,2015,NA,NA,NA,NA,122,18.2,12.7,20.3
SUR,2016,NA,NA,NA,NA,121,17.7,12.4,19.8
SUR,2017,NA,NA,NA,NA,120,17.2,12,19.3
SUR,2018,NA,NA,NA,NA,NA,16.7,11.6,18.7
SUR,2019,NA,NA,NA,NA,NA,16.2,11.2,18.1
SVK,2000,NA,NA,NA,NA,8,8.2,5,9.8
SVK,2001,NA,NA,NA,NA,8,7.9,4.8,9.4
SVK,2002,NA,NA,NA,NA,7,7.6,4.6,9.1
SVK,2003,NA,NA,NA,NA,7,7.3,4.3,8.8
SVK,2004,NA,NA,NA,NA,7,7.1,4,8.5
SVK,2005,NA,NA,NA,NA,7,6.8,3.8,8.2
SVK,2006,NA,NA,NA,NA,6,6.6,3.6,7.9
SVK,2007,NA,NA,NA,NA,7,6.4,3.5,7.7
SVK,2008,NA,NA,NA,NA,6,6.1,3.4,7.4
SVK,2009,NA,NA,NA,NA,6,5.9,3.4,7.2
SVK,2010,NA,NA,NA,NA,6,5.8,3.3,7
SVK,2011,NA,NA,NA,NA,6,5.6,3.3,6.8
SVK,2012,NA,NA,NA,NA,6,5.5,3.3,6.6
SVK,2013,NA,NA,NA,NA,6,5.3,3.2,6.5
SVK,2014,NA,NA,NA,NA,5,5.2,3.1,6.4
SVK,2015,NA,NA,NA,NA,6,5.1,3.1,6.2
SVK,2016,NA,NA,NA,NA,6,5,3,6.1
SVK,2017,NA,NA,NA,NA,5,4.9,3,6
SVK,2018,NA,NA,NA,NA,NA,4.9,3,5.9
SVK,2019,NA,NA,NA,NA,NA,4.8,3,5.8
SVN,2000,NA,NA,NA,NA,12,4.6,3.2,5.5
SVN,2001,NA,NA,NA,NA,10,4.3,3.1,5.2
SVN,2002,NA,NA,NA,NA,11,4.1,2.9,4.9
SVN,2003,NA,NA,NA,NA,10,3.9,2.8,4.7
SVN,2004,NA,NA,0,1,11,3.7,2.6,4.4
SVN,2005,NA,NA,NA,NA,10,3.5,2.4,4.2
SVN,2006,NA,NA,NA,NA,8,3.3,2.3,4
SVN,2007,NA,NA,NA,NA,8,3.1,2.1,3.8
SVN,2008,NA,NA,NA,NA,8,2.9,2,3.6
SVN,2009,NA,NA,NA,NA,8,2.8,1.9,3.4
SVN,2010,NA,NA,NA,NA,8,2.6,1.8,3.2
SVN,2011,NA,NA,NA,NA,8,2.5,1.7,3.1
SVN,2012,NA,NA,NA,NA,7,2.4,1.6,2.9
SVN,2013,NA,NA,NA,NA,7,2.3,1.5,2.8
SVN,2014,NA,NA,NA,NA,7,2.2,1.5,2.7
SVN,2015,NA,NA,NA,NA,7,2.1,1.4,2.6
SVN,2016,NA,NA,NA,NA,7,2,1.4,2.5
SVN,2017,NA,NA,NA,NA,7,2,1.3,2.4
SVN,2018,NA,NA,NA,NA,NA,1.9,1.3,2.3
SVN,2019,NA,NA,NA,NA,NA,1.8,1.3,2.3
SWE,2000,NA,NA,NA,NA,5,3.4,2.3,4.1
SWE,2001,NA,NA,NA,NA,5,3.4,2.3,4.1
SWE,2002,NA,NA,NA,NA,5,3.3,2.2,4
SWE,2003,NA,NA,NA,NA,5,3.2,2.1,3.9
SWE,2004,NA,NA,NA,NA,5,3.1,2,3.7
SWE,2005,NA,NA,NA,NA,5,3,1.9,3.6
SWE,2006,NA,NA,NA,NA,5,2.8,1.8,3.4
SWE,2007,NA,NA,NA,NA,5,2.7,1.8,3.3
SWE,2008,NA,NA,NA,NA,5,2.6,1.7,3.2
SWE,2009,NA,NA,NA,NA,5,2.6,1.7,3.1
SWE,2010,NA,NA,NA,NA,4,2.5,1.6,3.1
SWE,2011,NA,NA,NA,NA,5,2.5,1.6,3
SWE,2012,NA,NA,NA,NA,5,2.4,1.6,3
SWE,2013,NA,NA,NA,NA,5,2.4,1.6,2.9
SWE,2014,NA,NA,NA,NA,5,2.4,1.6,2.9
SWE,2015,NA,NA,NA,NA,4,2.3,1.6,2.9
SWE,2016,NA,NA,NA,NA,4,2.3,1.5,2.8
SWE,2017,NA,NA,NA,NA,4,2.3,1.5,2.8
SWE,2018,5,no,NA,NA,NA,2.2,1.5,2.7
SWE,2019,NA,NA,NA,NA,NA,2.2,1.5,2.7
SWZ,2000,NA,NA,NA,NA,521,67.8,25.3,112.2
SWZ,2001,NA,NA,1,0,528,69,25.2,115.8
SWZ,2002,NA,NA,NA,NA,534,69.6,24.9,117.7
SWZ,2003,NA,NA,NA,NA,538,69.8,24.5,119.2
SWZ,2004,NA,NA,NA,NA,539,69.1,23.9,119.7
SWZ,2005,NA,NA,NA,NA,532,68.3,23.3,119.4
SWZ,2006,NA,NA,NA,NA,518,58.8,22.8,109
SWZ,2007,NA,NA,1,0,496,59.3,22.4,103.8
SWZ,2008,NA,NA,NA,NA,474,61.1,22.3,101.9
SWZ,2009,NA,NA,NA,NA,460,57.9,22.3,96
SWZ,2010,NA,NA,NA,NA,450,54.7,22.4,85.5
SWZ,2011,NA,NA,NA,NA,441,51.5,22.5,73.4
SWZ,2012,NA,NA,NA,NA,435,50.6,22.6,66
SWZ,2013,NA,NA,NA,NA,432,49.5,22.5,62.5
SWZ,2014,NA,NA,NA,NA,434,50.1,22.4,62.4
SWZ,2015,NA,NA,NA,NA,435,45.2,22.1,57.2
SWZ,2016,NA,NA,1,0,436,42.6,21.8,55.6
SWZ,2017,NA,NA,NA,NA,437,43.5,21.5,57.9
SWZ,2018,NA,NA,NA,NA,NA,39.4,21.1,52.2
SWZ,2019,NA,NA,1,0,NA,37.7,20.7,48
SYC,2000,NA,NA,NA,NA,53,11.8,8.7,13.8
SYC,2001,NA,NA,NA,NA,54,11.8,8.7,13.7
SYC,2002,NA,NA,NA,NA,54,11.8,8.6,13.7
SYC,2003,NA,NA,NA,NA,54,11.8,8.6,13.7
SYC,2004,NA,NA,0,1,55,11.8,8.6,13.7
SYC,2005,NA,NA,NA,NA,55,11.8,8.6,13.7
SYC,2006,NA,NA,NA,NA,55,11.9,8.6,13.8
SYC,2007,NA,NA,NA,NA,55,11.9,8.6,13.8
SYC,2008,NA,NA,NA,NA,55,12,8.6,13.9
SYC,2009,NA,NA,NA,NA,55,12,8.6,14
SYC,2010,NA,NA,NA,NA,55,12.1,8.7,14.1
SYC,2011,NA,NA,NA,NA,55,12.2,8.7,14.2
SYC,2012,NA,NA,NA,NA,55,12.4,8.8,14.4
SYC,2013,NA,NA,NA,NA,55,12.5,8.9,14.5
SYC,2014,NA,NA,NA,NA,55,12.6,8.9,14.7
SYC,2015,NA,NA,NA,NA,54,12.7,9,14.8
SYC,2016,NA,NA,NA,NA,54,12.8,9,14.8
SYC,2017,NA,NA,NA,NA,53,12.7,8.9,14.7
SYC,2018,NA,NA,NA,NA,NA,12.5,8.8,14.5
SYC,2019,NA,NA,NA,NA,NA,12.3,8.6,14.3
SYR,2000,NA,NA,NA,NA,26,19.6,12.1,23
SYR,2001,NA,NA,NA,NA,26,18.9,11.8,22.1
SYR,2002,NA,NA,NA,NA,26,18.2,11.5,21.4
SYR,2003,NA,NA,NA,NA,25,17.7,11.2,20.7
SYR,2004,NA,NA,NA,NA,26,17.2,11,20.1
SYR,2005,8,no,NA,NA,25,16.8,10.7,19.7
SYR,2006,NA,NA,NA,NA,26,16.5,10.5,19.3
SYR,2007,NA,NA,NA,NA,26,16.3,10.4,19.1
SYR,2008,NA,NA,1,0,26,16.2,10.2,18.9
SYR,2009,1,no,NA,NA,26,16.1,10.1,18.8
SYR,2010,NA,NA,NA,NA,27,16.2,10.1,18.9
SYR,2011,NA,NA,NA,NA,28,16.7,10.1,20.1
SYR,2012,4347,yes,NA,NA,28,23.4,10.4,37
SYR,2013,53695,yes,NA,NA,29,26.8,10.6,45.3
SYR,2014,76490,yes,NA,NA,30,27.7,10.8,47
SYR,2015,78644,yes,NA,NA,30,25.6,10.8,41.6
SYR,2016,59582,yes,NA,NA,30,25,10.9,39.5
SYR,2017,53863,yes,NA,NA,31,18.8,10.8,23.5
SYR,2018,38534,yes,NA,NA,NA,18.9,10.8,23.4
SYR,2019,21727,yes,NA,NA,NA,18.4,10.8,22.2
TCD,2000,394,yes,NA,NA,1420,99.7,44.1,184
TCD,2001,1070,yes,1,0,1410,98.2,43.2,180.5
TCD,2002,230,yes,NA,NA,1400,96.8,42.2,177.1
TCD,2003,297,yes,NA,NA,1370,95.3,41.4,173.8
TCD,2004,37,yes,NA,NA,1350,93.9,40.6,170.4
TCD,2005,78,yes,NA,NA,1330,92.4,39.9,166.9
TCD,2006,267,yes,NA,NA,1340,90.8,39.4,163.3
TCD,2007,1956,yes,NA,NA,1300,89.2,38.9,159.6
TCD,2008,431,yes,NA,NA,1310,87.5,38.6,155.7
TCD,2009,994,yes,1,0,1270,85.8,38.2,151.7
TCD,2010,135,yes,NA,NA,1240,84.1,37.8,147.7
TCD,2011,4,no,NA,NA,1210,82.3,37.5,143.7
TCD,2012,NA,NA,1,0,1190,80.6,37.1,139.8
TCD,2013,NA,NA,NA,NA,1170,78.9,36.6,135.9
TCD,2014,NA,NA,NA,NA,1170,77.3,36.1,132.3
TCD,2015,16,no,NA,NA,1160,75.7,35.5,128.7
TCD,2016,397,yes,NA,NA,1140,74.1,35,124.9
TCD,2017,26,yes,1,0,1140,72.4,34.5,121.1
TCD,2018,91,yes,NA,NA,NA,70.7,33.8,117.3
TCD,2019,168,yes,NA,NA,NA,69,33.3,113.5
TGO,2000,NA,NA,NA,NA,489,75.7,36.7,119.9
TGO,2001,NA,NA,NA,NA,489,73.7,35.8,116.4
TGO,2002,NA,NA,NA,NA,489,71.8,35,112.9
TGO,2003,NA,NA,NA,NA,489,69.9,34.3,109.5
TGO,2004,NA,NA,NA,NA,488,68,33.6,106.3
TGO,2005,NA,NA,NA,NA,492,66.3,32.9,103.1
TGO,2006,436,yes,NA,NA,482,64.6,32.2,100.1
TGO,2007,NA,NA,NA,NA,480,62.9,31.5,97.3
TGO,2008,NA,NA,NA,NA,473,61.4,30.8,94.4
TGO,2009,NA,NA,NA,NA,458,59.8,30.1,91.7
TGO,2010,NA,NA,NA,NA,440,58.3,29.5,89
TGO,2011,NA,NA,NA,NA,422,56.7,28.9,86.2
TGO,2012,NA,NA,NA,NA,410,55.2,28.4,83.5
TGO,2013,NA,NA,NA,NA,404,53.7,27.8,80.9
TGO,2014,NA,NA,NA,NA,401,52.2,27.4,78.3
TGO,2015,NA,NA,NA,NA,398,50.8,26.9,75.9
TGO,2016,NA,NA,NA,NA,395,49.4,26.4,73.4
TGO,2017,NA,NA,NA,NA,396,48.1,25.9,71.1
TGO,2018,NA,NA,NA,NA,NA,46.8,25.4,68.8
TGO,2019,NA,NA,NA,NA,NA,45.5,25,66.5
THA,2000,1,no,NA,NA,43,18.7,12.4,22
THA,2001,8,no,NA,NA,43,17.8,11.8,20.9
THA,2002,25,yes,1,0,44,17,11.2,19.9
THA,2003,23,no,NA,NA,44,16.2,10.7,18.9
THA,2004,26,yes,0,1,46,15.5,10.2,18
THA,2005,310,yes,1,0,43,14.8,9.7,17.2
THA,2006,494,yes,NA,NA,42,14.1,9.2,16.4
THA,2007,541,yes,NA,NA,42,13.4,8.8,15.6
THA,2008,518,yes,1,0,43,12.8,8.4,14.9
THA,2009,328,yes,NA,NA,43,12.2,8,14.2
THA,2010,258,yes,1,0,42,11.7,7.7,13.6
THA,2011,218,yes,0,1,41,11.2,7.3,13
THA,2011,218,yes,1,0,41,11.2,7.3,13
THA,2012,277,yes,1,0,39,10.6,7,12.4
THA,2013,244,yes,NA,NA,39,10.2,6.7,11.8
THA,2014,249,yes,0,1,38,9.7,6.4,11.3
THA,2014,249,yes,1,0,38,9.7,6.4,11.3
THA,2015,100,yes,1,0,38,9.3,6.1,10.8
THA,2016,84,yes,NA,NA,37,8.9,5.9,10.3
THA,2017,69,yes,NA,NA,37,8.5,5.6,9.9
THA,2018,50,yes,NA,NA,NA,8.1,5.4,9.4
THA,2019,61,yes,1,0,NA,7.7,5.1,9
TJK,2000,4,no,0,1,53,67.6,28.4,83.6
TJK,2000,4,no,1,0,53,67.6,28.4,83.6
TJK,2001,46,yes,NA,NA,52,62.9,27.2,77.2
TJK,2002,NA,NA,0,1,43,58.4,26,71
TJK,2002,NA,NA,0,1,43,58.4,26,71
TJK,2003,NA,NA,NA,NA,35,54.2,24.8,65.2
TJK,2004,NA,NA,0,1,33,50.4,23.8,60.1
TJK,2005,NA,NA,NA,NA,32,47,23.1,55.6
TJK,2006,1,no,0,1,29,44.1,22.5,51.9
TJK,2007,8,no,0,1,27,41.7,22,48.8
TJK,2008,NA,NA,1,0,26,39.7,21.5,46.3
TJK,2009,NA,NA,NA,NA,26,38.1,20.8,44.3
TJK,2010,17,no,0,1,23,36.9,20.1,42.7
TJK,2011,98,yes,0,1,22,35.8,19.2,41.4
TJK,2012,28,yes,0,1,21,35,18.3,40.3
TJK,2013,NA,NA,NA,NA,20,34.2,17.5,39.4
TJK,2014,3,no,NA,NA,19,33.4,16.8,38.4
TJK,2015,3,no,0,1,18,32.6,16.3,37.5
TJK,2016,NA,NA,0,1,17,31.8,15.9,36.5
TJK,2017,NA,NA,NA,NA,17,30.9,15.4,35.3
TJK,2018,NA,NA,NA,NA,NA,30.1,15,34.3
TJK,2019,4,no,NA,NA,NA,29.2,14.5,33.3
TKM,2000,NA,NA,0,1,29,57.5,29.6,69.7
TKM,2001,NA,NA,NA,NA,27,54.7,29,66
TKM,2002,NA,NA,NA,NA,25,51.9,28.3,62.2
TKM,2003,NA,NA,NA,NA,21,49.2,27.5,58.6
TKM,2004,NA,NA,NA,NA,20,46.7,26.7,55.2
TKM,2005,NA,NA,NA,NA,18,44.4,25.8,52.3
TKM,2006,NA,NA,NA,NA,18,42.3,25,49.6
TKM,2007,NA,NA,NA,NA,15,40.6,24.2,47.4
TKM,2008,NA,NA,NA,NA,13,39.1,23.7,45.5
TKM,2009,NA,NA,NA,NA,12,38,23.3,44.1
TKM,2010,NA,NA,NA,NA,10,37.2,23,43.1
TKM,2011,NA,NA,NA,NA,10,36.7,22.9,42.5
TKM,2012,NA,NA,NA,NA,9,36.3,22.8,42
TKM,2013,NA,NA,NA,NA,9,36.3,22.8,41.9
TKM,2014,NA,NA,NA,NA,8,36.3,23,42
TKM,2015,NA,NA,NA,NA,8,36.4,23.3,42.2
TKM,2016,NA,NA,NA,NA,8,36.7,23.5,42.5
TKM,2017,NA,NA,NA,NA,7,37,23.8,42.9
TKM,2018,NA,NA,NA,NA,NA,37,23.9,42.8
TKM,2019,NA,NA,NA,NA,NA,36.6,23.8,42.4
TLS,2000,NA,NA,NA,NA,745,84.5,37.8,107.7
TLS,2001,NA,NA,NA,NA,720,80.6,36,102.1
TLS,2002,NA,NA,NA,NA,668,76.8,34.2,96.5
TLS,2003,NA,NA,NA,NA,603,73,32.6,91.2
TLS,2004,NA,NA,NA,NA,507,69.3,31,86
TLS,2005,NA,NA,NA,NA,415,65.7,29.5,80.9
TLS,2006,NA,NA,NA,NA,348,62.1,28.3,76.1
TLS,2007,NA,NA,1,0,300,58.8,27.2,71.6
TLS,2008,NA,NA,NA,NA,269,56,26.2,67.7
TLS,2009,NA,NA,NA,NA,242,53.6,25.4,64.4
TLS,2010,NA,NA,NA,NA,219,51.4,24.7,61.5
TLS,2011,NA,NA,NA,NA,198,49.4,24.1,58.8
TLS,2012,NA,NA,NA,NA,185,47.5,23.5,56.3
TLS,2013,NA,NA,NA,NA,176,45.9,22.9,54.2
TLS,2014,NA,NA,NA,NA,168,44.3,22.4,52.1
TLS,2015,NA,NA,0,1,160,42.8,21.9,50.2
TLS,2016,NA,NA,1,0,152,41.4,21.4,48.4
TLS,2017,NA,NA,NA,NA,142,40.1,20.9,46.8
TLS,2018,NA,NA,NA,NA,NA,38.8,20.4,45.1
TLS,2019,NA,NA,NA,NA,NA,37.7,19.9,43.7
TON,2000,NA,NA,NA,NA,77,14.5,7.1,16.9
TON,2001,NA,NA,NA,NA,73,14.2,7,16.5
TON,2002,NA,NA,NA,NA,71,13.8,6.8,16
TON,2003,NA,NA,NA,NA,69,13.4,6.6,15.6
TON,2004,NA,NA,NA,NA,67,13,6.4,15.1
TON,2005,NA,NA,NA,NA,66,12.7,6.2,14.7
TON,2006,NA,NA,NA,NA,64,12.3,6,14.3
TON,2007,NA,NA,NA,NA,62,12,5.8,14
TON,2008,NA,NA,NA,NA,60,11.8,5.7,13.7
TON,2009,NA,NA,0,1,61,11.5,5.6,13.4
TON,2010,NA,NA,NA,NA,57,11.3,5.5,13.2
TON,2011,NA,NA,NA,NA,56,11.1,5.4,12.9
TON,2012,NA,NA,NA,NA,56,11,5.4,12.8
TON,2013,NA,NA,NA,NA,56,10.9,5.4,12.6
TON,2014,NA,NA,NA,NA,55,10.8,5.4,12.5
TON,2015,NA,NA,1,0,54,10.7,5.3,12.4
TON,2016,NA,NA,NA,NA,53,10.6,5.3,12.3
TON,2017,NA,NA,NA,NA,52,10.4,5.3,12.1
TON,2018,NA,NA,NA,NA,NA,10.3,5.2,11.9
TON,2019,NA,NA,NA,NA,NA,10,5.1,11.7
TTO,2000,NA,NA,NA,NA,81,24.7,18,27.9
TTO,2001,NA,NA,NA,NA,78,24.5,17.8,27.7
TTO,2002,NA,NA,NA,NA,74,24.3,17.6,27.4
TTO,2003,NA,NA,NA,NA,75,23.9,17.4,27
TTO,2004,NA,NA,NA,NA,76,23.5,17,26.4
TTO,2005,NA,NA,NA,NA,76,23,16.6,25.9
TTO,2006,NA,NA,NA,NA,73,22.4,16.2,25.2
TTO,2007,NA,NA,NA,NA,65,21.7,15.7,24.4
TTO,2008,NA,NA,NA,NA,72,21.2,15.3,23.8
TTO,2009,NA,NA,NA,NA,74,20.7,14.9,23.2
TTO,2010,NA,NA,1,0,71,20.1,14.4,22.5
TTO,2011,NA,NA,NA,NA,72,19.5,14,21.8
TTO,2012,NA,NA,NA,NA,71,18.9,13.6,21.2
TTO,2013,NA,NA,NA,NA,70,18.4,13.2,20.6
TTO,2014,NA,NA,NA,NA,69,17.8,12.8,19.9
TTO,2015,NA,NA,NA,NA,68,17.3,12.4,19.3
TTO,2016,NA,NA,NA,NA,68,16.8,12,18.8
TTO,2017,NA,NA,NA,NA,67,16.3,11.7,18.3
TTO,2018,NA,NA,NA,NA,NA,15.8,11.3,17.7
TTO,2019,NA,NA,NA,NA,NA,15.4,11,17.2
TUN,2000,NA,NA,NA,NA,66,25,18.3,29.9
TUN,2001,NA,NA,NA,NA,63,23.4,17.2,27.9
TUN,2002,NA,NA,NA,NA,60,22,16.3,26.1
TUN,2003,21,no,NA,NA,57,20.8,15.5,24.6
TUN,2004,NA,NA,NA,NA,54,19.7,14.7,23.2
TUN,2005,NA,NA,NA,NA,51,18.8,14.1,22
TUN,2006,NA,NA,NA,NA,49,17.9,13.6,21
TUN,2007,NA,NA,NA,NA,47,17.2,13.2,20.2
TUN,2008,NA,NA,NA,NA,47,16.6,12.8,19.4
TUN,2009,NA,NA,NA,NA,46,16.2,12.5,18.9
TUN,2010,NA,NA,NA,NA,46,15.8,12.3,18.4
TUN,2011,NA,NA,NA,NA,46,15.5,12.2,18
TUN,2012,8,no,NA,NA,46,15.2,12.1,17.7
TUN,2013,3,no,NA,NA,46,15,12.1,17.5
TUN,2014,29,yes,NA,NA,46,14.9,12,17.3
TUN,2015,51,yes,NA,NA,46,14.8,12.1,17.2
TUN,2016,135,yes,NA,NA,45,14.7,12.1,17.1
TUN,2017,88,yes,NA,NA,43,14.7,12.1,17.1
TUN,2018,15,no,NA,NA,NA,14.6,12.1,17
TUN,2019,25,yes,NA,NA,NA,14.5,12,16.9
TUR,2000,1195,yes,0,1,42,30.9,18.2,37.9
TUR,2000,1195,yes,0,1,42,30.9,18.2,37.9
TUR,2001,153,yes,0,1,41,29,17.1,35.3
TUR,2001,153,yes,0,1,41,29,17.1,35.3
TUR,2002,120,yes,0,1,39,27.1,15.9,32.7
TUR,2003,34,yes,0,1,38,25.3,14.9,30.4
TUR,2003,34,yes,0,1,38,25.3,14.9,30.4
TUR,2003,34,yes,0,1,38,25.3,14.9,30.4
TUR,2003,34,yes,0,1,38,25.3,14.9,30.4
TUR,2004,150,yes,0,1,35,23.6,14,28.2
TUR,2004,150,yes,0,1,35,23.6,14,28.2
TUR,2004,150,yes,0,1,35,23.6,14,28.2
TUR,2005,221,yes,0,1,33,22,13,26.2
TUR,2005,221,yes,0,1,33,22,13,26.2
TUR,2005,221,yes,0,1,33,22,13,26.2
TUR,2006,295,yes,NA,NA,30,20.5,12.1,24.3
TUR,2007,226,yes,NA,NA,28,19.2,11.3,22.5
TUR,2008,502,yes,NA,NA,27,17.9,10.4,20.9
TUR,2009,491,yes,NA,NA,25,16.6,9.7,19.5
TUR,2010,138,yes,0,1,24,15.5,9,18.1
TUR,2011,231,yes,0,1,23,14.5,8.3,16.9
TUR,2011,231,yes,0,1,23,14.5,8.3,16.9
TUR,2011,231,yes,0,1,23,14.5,8.3,16.9
TUR,2012,410,yes,NA,NA,22,13.6,7.7,15.8
TUR,2013,789,yes,NA,NA,20,12.7,7.2,14.7
TUR,2014,23,no,0,1,19,11.9,6.7,13.8
TUR,2015,11,no,NA,NA,19,11.1,6.3,13
TUR,2016,1061,yes,NA,NA,18,10.5,6,12.1
TUR,2017,1558,yes,0,1,17,9.8,5.8,11.4
TUR,2018,455,yes,NA,NA,NA,9.2,5.5,10.7
TUR,2019,435,yes,0,1,NA,8.6,5.3,10.1
TZA,2000,0,no,0,1,854,78.9,33.7,129.7
TZA,2001,NA,NA,0,1,819,74.4,32.5,121.9
TZA,2002,37,yes,0,1,788,69.9,31.3,114
TZA,2003,NA,NA,1,0,763,65.6,30.2,106.5
TZA,2004,NA,NA,1,0,741,61.9,29.1,99.9
TZA,2004,NA,NA,0,1,741,61.9,29.1,99.9
TZA,2005,NA,NA,0,1,721,58.5,28.1,93.9
TZA,2006,NA,NA,1,0,703,55.8,27.4,88.8
TZA,2007,NA,NA,NA,NA,685,52.9,26.6,83.8
TZA,2008,3,no,NA,NA,666,51,26,79.6
TZA,2009,NA,NA,NA,NA,656,48.7,25.4,75.4
TZA,2010,NA,NA,NA,NA,644,47.1,24.9,71.9
TZA,2011,NA,NA,1,0,628,45.5,24.3,68.4
TZA,2012,NA,NA,NA,NA,615,44,23.8,65.3
TZA,2013,NA,NA,NA,NA,593,43,23.3,62.7
TZA,2014,NA,NA,NA,NA,574,41.9,22.8,59.9
TZA,2015,NA,NA,NA,NA,556,40.9,22.3,58.1
TZA,2016,NA,NA,0,1,539,39.7,21.9,56
TZA,2017,NA,NA,NA,NA,524,38.2,21.5,54.1
TZA,2018,1,no,NA,NA,NA,36.8,21,52.1
TZA,2019,1,no,NA,NA,NA,35.8,20.6,50.5
UGA,2000,1024,yes,NA,NA,578,87.1,32.3,146.1
UGA,2001,1238,yes,NA,NA,550,83.4,31.4,139.3
UGA,2002,212,yes,1,0,537,79.2,30.5,131.6
UGA,2003,1316,yes,NA,NA,520,74.7,29.5,123.5
UGA,2004,1628,yes,NA,NA,512,70,28.7,115.1
UGA,2005,2004,yes,1,0,491,65.6,27.9,107.1
UGA,2006,922,yes,NA,NA,473,61.6,27.3,99.6
UGA,2007,334,yes,NA,NA,465,57.9,26.7,92.8
UGA,2008,156,yes,1,0,455,54.5,26.1,86.8
UGA,2009,32,yes,NA,NA,442,52.1,25.5,81.5
UGA,2010,59,yes,1,0,430,49.5,25,76.3
UGA,2011,74,yes,NA,NA,419,47,24.5,71.6
UGA,2012,NA,NA,NA,NA,412,44.3,24,66.7
UGA,2013,NA,NA,NA,NA,401,42.4,23.4,62.3
UGA,2014,NA,NA,NA,NA,394,40.6,22.7,58.8
UGA,2015,7,no,NA,NA,387,38.9,22.1,55.7
UGA,2016,NA,NA,0,1,381,37.3,21.5,52.4
UGA,2017,30,yes,NA,NA,375,35.7,20.8,49.9
UGA,2018,0,no,NA,NA,NA,34.1,20.3,47.4
UGA,2019,2,no,NA,NA,NA,33,19.8,45.3
UKR,2000,NA,NA,NA,NA,35,15.7,11,18.3
UKR,2001,NA,NA,NA,NA,33,15,10.5,17.4
UKR,2002,NA,NA,NA,NA,33,14.3,9.9,16.6
UKR,2003,NA,NA,NA,NA,32,13.6,9.4,15.8
UKR,2004,NA,NA,NA,NA,33,13,9,15.1
UKR,2005,NA,NA,NA,NA,33,12.5,8.6,14.5
UKR,2006,NA,NA,NA,NA,31,12,8.3,14
UKR,2007,NA,NA,NA,NA,33,11.5,8,13.4
UKR,2008,NA,NA,NA,NA,33,11.1,7.6,12.9
UKR,2009,NA,NA,NA,NA,27,10.6,7.3,12.3
UKR,2010,NA,NA,NA,NA,25,10.1,7,11.7
UKR,2011,NA,NA,NA,NA,23,9.6,6.6,11.2
UKR,2012,NA,NA,1,0,24,9.2,6.3,10.7
UKR,2013,NA,NA,NA,NA,23,8.8,6,10.2
UKR,2014,NA,NA,NA,NA,24,8.4,5.8,9.8
UKR,2015,4528,yes,NA,NA,21,8.1,5.6,9.5
UKR,2016,1726,yes,NA,NA,20,7.9,5.4,9.2
UKR,2017,255,yes,NA,NA,19,7.6,5.3,8.9
UKR,2018,415,yes,NA,NA,NA,7.4,5.1,8.6
UKR,2019,243,yes,NA,NA,NA,7.2,5,8.4
URY,2000,NA,NA,NA,NA,26,14.8,8.5,17
URY,2001,NA,NA,NA,NA,25,14.4,8.4,16.5
URY,2002,NA,NA,NA,NA,25,14.1,8.2,16.2
URY,2003,NA,NA,NA,NA,23,13.7,8,15.7
URY,2004,NA,NA,NA,NA,23,13.2,7.8,15.1
URY,2005,NA,NA,NA,NA,22,12.5,7.3,14.4
URY,2006,NA,NA,NA,NA,20,11.7,6.8,13.5
URY,2007,NA,NA,NA,NA,20,11,6.1,12.6
URY,2008,NA,NA,NA,NA,19,10.3,5.4,11.8
URY,2009,NA,NA,NA,NA,19,9.7,5,11.2
URY,2010,NA,NA,NA,NA,17,9.3,4.8,10.7
URY,2011,NA,NA,NA,NA,17,8.9,4.8,10.3
URY,2012,NA,NA,NA,NA,17,8.6,5,10
URY,2013,NA,NA,NA,NA,18,8.3,5.1,9.7
URY,2014,NA,NA,NA,NA,17,8,5.2,9.3
URY,2015,NA,NA,NA,NA,18,7.6,5,8.9
URY,2016,NA,NA,NA,NA,18,7.2,4.8,8.4
URY,2017,NA,NA,NA,NA,17,6.8,4.4,7.8
URY,2018,NA,NA,1,0,NA,6.3,4,7.3
URY,2019,NA,NA,NA,NA,NA,5.8,4,6.7
USA,2000,NA,NA,1,0,12,7.1,4.6,8.4
USA,2000,NA,NA,0,1,12,7.1,4.6,8.4
USA,2000,NA,NA,1,0,12,7.1,4.6,8.4
USA,2001,NA,NA,0,1,13,7,4.6,8.3
USA,2002,2986,yes,1,0,13,6.9,4.6,8.2
USA,2003,NA,NA,0,1,13,6.9,4.6,8.1
USA,2004,NA,NA,NA,NA,13,6.8,4.6,8.1
USA,2005,NA,NA,NA,NA,13,6.7,4.5,8
USA,2006,NA,NA,0,1,14,6.7,4.4,7.9
USA,2007,NA,NA,1,0,14,6.6,4.3,7.7
USA,2008,NA,NA,0,1,14,6.5,4.3,7.6
USA,2009,NA,NA,NA,NA,15,6.4,4.2,7.5
USA,2010,NA,NA,0,1,15,6.2,4.1,7.3
USA,2011,2,no,1,0,15,6.1,4.1,7.2
USA,2012,NA,NA,1,0,16,6,4.1,7.1
USA,2012,NA,NA,1,0,16,6,4.1,7.1
USA,2013,NA,NA,NA,NA,16,6,4,7
USA,2014,NA,NA,0,1,16,5.9,4,6.9
USA,2014,NA,NA,1,0,16,5.9,4,6.9
USA,2015,NA,NA,1,0,18,5.8,3.9,6.8
USA,2016,14,no,0,1,19,5.7,3.8,6.7
USA,2017,NA,NA,1,0,19,5.7,3.8,6.6
USA,2018,8,no,1,0,NA,5.6,3.7,6.5
USA,2019,NA,NA,0,1,NA,5.5,3.5,6.4
UZB,2000,50,yes,1,0,41,50.8,27.8,60.7
UZB,2001,297,yes,NA,NA,41,48.4,26.9,57.4
UZB,2002,NA,NA,NA,NA,41,45.7,25.8,53.9
UZB,2003,NA,NA,NA,NA,39,43,24.7,50.4
UZB,2004,NA,NA,NA,NA,37,40.1,23.6,46.8
UZB,2005,37,yes,NA,NA,38,37.4,22.4,43.4
UZB,2006,NA,NA,NA,NA,37,34.8,21.2,40.1
UZB,2007,NA,NA,NA,NA,35,32.2,20,37
UZB,2008,NA,NA,NA,NA,34,29.8,18.4,34
UZB,2009,NA,NA,NA,NA,32,27.5,16.9,31.3
UZB,2010,16,no,NA,NA,31,25.4,15.5,28.7
UZB,2011,NA,NA,0,1,32,23.4,14.3,26.4
UZB,2012,NA,NA,NA,NA,32,21.7,13.1,24.4
UZB,2013,NA,NA,NA,NA,31,20,12.1,22.5
UZB,2014,NA,NA,NA,NA,30,18.6,11.2,20.8
UZB,2015,NA,NA,NA,NA,30,17.3,10.4,19.3
UZB,2016,NA,NA,NA,NA,29,16.1,9.8,18
UZB,2017,NA,NA,NA,NA,29,15,9.2,16.8
UZB,2018,NA,NA,NA,NA,NA,14.1,8.6,15.8
UZB,2019,NA,NA,NA,NA,NA,13.3,8.1,14.8
VCT,2000,NA,NA,NA,NA,80,19.2,13.1,22.2
VCT,2001,NA,NA,NA,NA,75,19.1,13.1,22
VCT,2002,NA,NA,NA,NA,72,19.1,13.1,21.9
VCT,2003,NA,NA,NA,NA,69,19,13.1,21.7
VCT,2004,NA,NA,NA,NA,64,19,13,21.6
VCT,2005,NA,NA,NA,NA,59,18.9,12.9,21.5
VCT,2006,NA,NA,NA,NA,62,18.8,12.9,21.3
VCT,2007,NA,NA,NA,NA,67,18.7,12.9,21.1
VCT,2008,NA,NA,NA,NA,70,18.5,12.8,20.8
VCT,2009,NA,NA,NA,NA,67,18.2,12.7,20.4
VCT,2010,NA,NA,1,0,63,17.8,12.6,19.8
VCT,2011,NA,NA,NA,NA,64,17.3,12.3,19.2
VCT,2012,NA,NA,NA,NA,71,16.8,11.9,18.6
VCT,2013,NA,NA,NA,NA,73,16.2,11.5,18
VCT,2014,NA,NA,NA,NA,69,15.7,11,17.4
VCT,2015,NA,NA,NA,NA,64,15.2,10.6,16.7
VCT,2016,NA,NA,NA,NA,67,14.7,10.2,16.2
VCT,2017,NA,NA,NA,NA,68,14.3,9.8,15.6
VCT,2018,NA,NA,NA,NA,NA,13.8,9.4,15.1
VCT,2019,NA,NA,NA,NA,NA,13.4,9.1,14.6
VEN,2000,26,yes,NA,NA,119,18.4,11.1,21.6
VEN,2001,27,yes,NA,NA,123,17.8,10.6,20.9
VEN,2002,27,yes,NA,NA,135,17.4,10.1,20.3
VEN,2003,27,yes,NA,NA,127,16.9,9.9,19.8
VEN,2004,25,yes,NA,NA,119,16.4,10.2,19.1
VEN,2005,31,yes,NA,NA,113,15.8,10.6,18.5
VEN,2006,30,yes,NA,NA,114,15.4,10.5,17.9
VEN,2007,22,no,NA,NA,114,15,10.2,17.4
VEN,2008,16,no,NA,NA,116,14.7,10.1,17.2
VEN,2009,27,yes,1,0,119,14.6,10.2,17
VEN,2010,25,yes,NA,NA,117,14.7,10.5,17.1
VEN,2011,22,no,NA,NA,116,14.7,10.9,17.2
VEN,2012,10,no,NA,NA,116,14.9,11.3,17.3
VEN,2013,33,yes,NA,NA,115,15.1,11.5,17.6
VEN,2014,6,no,NA,NA,113,15.4,11.3,18
VEN,2015,44,yes,NA,NA,115,16.4,14.5,19.1
VEN,2016,32,yes,NA,NA,121,21.1,14.6,24.2
VEN,2017,59,yes,NA,NA,125,21.1,14.7,24.2
VEN,2018,72,yes,NA,NA,NA,21.1,14.6,24.2
VEN,2019,78,yes,NA,NA,NA,21.1,14.6,24.2
VNM,2000,NA,NA,NA,NA,68,23.5,15,29.8
VNM,2001,NA,NA,NA,NA,65,22.6,14.4,28.5
VNM,2002,NA,NA,1,0,62,21.7,13.8,27.4
VNM,2003,NA,NA,NA,NA,59,21,13.3,26.4
VNM,2004,NA,NA,NA,NA,57,20.4,12.9,25.6
VNM,2005,NA,NA,1,0,54,19.9,12.6,24.9
VNM,2006,NA,NA,NA,NA,51,19.4,12.3,24.4
VNM,2007,NA,NA,NA,NA,49,19.1,12.1,23.9
VNM,2008,NA,NA,NA,NA,49,18.8,12,23.5
VNM,2009,NA,NA,NA,NA,48,18.5,11.8,23.2
VNM,2010,NA,NA,NA,NA,47,18.3,11.7,22.9
VNM,2011,NA,NA,NA,NA,47,18.1,11.6,22.7
VNM,2012,NA,NA,NA,NA,46,17.9,11.5,22.4
VNM,2013,NA,NA,NA,NA,46,17.8,11.3,22.2
VNM,2014,NA,NA,NA,NA,45,17.6,11.2,22
VNM,2015,NA,NA,1,0,45,17.4,11.1,21.8
VNM,2016,NA,NA,NA,NA,44,17.3,10.9,21.6
VNM,2017,NA,NA,NA,NA,43,17.1,10.7,21.4
VNM,2018,NA,NA,NA,NA,NA,17,10.5,21.3
VNM,2019,NA,NA,1,0,NA,16.9,10.2,21.1
VUT,2000,NA,NA,NA,NA,140,23.9,12,28.5
VUT,2001,NA,NA,NA,NA,135,23.7,11.9,28.3
VUT,2002,NA,NA,0,1,128,23.6,11.8,28.1
VUT,2002,NA,NA,0,1,128,23.6,11.8,28.1
VUT,2003,NA,NA,NA,NA,123,23.5,11.9,28.1
VUT,2004,NA,NA,NA,NA,119,23.6,12,28.1
VUT,2005,NA,NA,NA,NA,113,23.6,12.1,28.2
VUT,2006,NA,NA,NA,NA,108,23.8,12.2,28.4
VUT,2007,NA,NA,NA,NA,103,23.9,12.3,28.6
VUT,2008,NA,NA,NA,NA,99,24.1,12.3,28.8
VUT,2009,NA,NA,NA,NA,96,24.2,12.4,29
VUT,2010,NA,NA,NA,NA,92,24.3,12.4,29.1
VUT,2011,NA,NA,NA,NA,88,24.5,12.5,29.3
VUT,2012,NA,NA,NA,NA,85,24.5,12.5,29.3
VUT,2013,NA,NA,NA,NA,82,24.3,12.4,29.1
VUT,2014,NA,NA,NA,NA,80,24.1,12.2,28.8
VUT,2015,NA,NA,NA,NA,76,23.6,12,28.2
VUT,2016,NA,NA,NA,NA,74,23.2,11.7,27.6
VUT,2017,NA,NA,NA,NA,72,22.7,11.5,26.9
VUT,2018,NA,NA,NA,NA,NA,22.2,11.1,26.3
VUT,2019,NA,NA,NA,NA,NA,21.6,10.9,25.6
WSM,2000,NA,NA,NA,NA,88,18.1,8.7,21.2
WSM,2001,NA,NA,NA,NA,85,17.6,8.4,20.6
WSM,2002,NA,NA,NA,NA,84,17.1,8.2,20.1
WSM,2003,NA,NA,NA,NA,80,16.8,8,19.7
WSM,2004,NA,NA,NA,NA,74,16.6,7.8,19.4
WSM,2005,NA,NA,NA,NA,72,16.5,7.8,19.3
WSM,2006,NA,NA,NA,NA,66,16.5,7.7,19.3
WSM,2007,NA,NA,NA,NA,62,16.5,7.7,19.3
WSM,2008,NA,NA,NA,NA,60,16.5,7.8,19.3
WSM,2009,NA,NA,0,1,58,18.8,7.9,25.7
WSM,2010,NA,NA,NA,NA,58,16.6,7.8,19.3
WSM,2011,NA,NA,NA,NA,54,16.5,7.8,19.2
WSM,2012,NA,NA,NA,NA,52,16.4,7.7,19.1
WSM,2013,NA,NA,NA,NA,48,16.2,7.6,18.9
WSM,2014,NA,NA,NA,NA,47,16.1,7.5,18.7
WSM,2015,NA,NA,1,0,45,15.9,7.4,18.6
WSM,2016,NA,NA,NA,NA,44,15.7,7.3,18.4
WSM,2017,NA,NA,NA,NA,43,15.5,7.2,18.1
WSM,2018,NA,NA,NA,NA,NA,15.3,7,17.8
WSM,2019,NA,NA,NA,NA,NA,15,6.9,17.4
YEM,2000,NA,NA,NA,NA,301,68.8,37,95
YEM,2001,NA,NA,NA,NA,290,65.8,36,90.3
YEM,2002,NA,NA,NA,NA,278,62.8,35,85.7
YEM,2003,NA,NA,NA,NA,266,60,34,81.2
YEM,2004,6,no,NA,NA,254,57.3,32.9,76.9
YEM,2005,28,yes,NA,NA,242,54.8,32,73
YEM,2006,NA,NA,NA,NA,230,52.3,31,69.1
YEM,2007,NA,NA,NA,NA,219,50,30,65.6
YEM,2008,NA,NA,NA,NA,208,48,29.1,62.4
YEM,2009,21,no,NA,NA,200,46.4,28.5,60.1
YEM,2010,94,yes,NA,NA,192,45.5,28.1,58.8
YEM,2011,201,yes,NA,NA,187,45.3,28,58.5
YEM,2012,1317,yes,NA,NA,184,45.4,28,58.8
YEM,2013,2345,yes,NA,NA,175,45.2,28.1,58.4
YEM,2014,582,yes,NA,NA,174,45.4,28.1,58.7
YEM,2015,2120,yes,NA,NA,169,46.1,28.2,60.7
YEM,2016,7239,yes,NA,NA,165,46,28.2,60.3
YEM,2017,3948,yes,NA,NA,164,45.9,28.2,60.2
YEM,2018,3493,yes,NA,NA,NA,46.5,28.2,61.6
YEM,2019,4840,yes,NA,NA,NA,46.4,28.2,61.5
ZAF,2000,19,no,NA,NA,160,47.7,16.9,71.5
ZAF,2001,0,no,NA,NA,168,47.8,16.4,73.1
ZAF,2002,NA,NA,NA,NA,177,47.9,15.9,74.3
ZAF,2003,2,no,NA,NA,186,48.4,15.4,75.7
ZAF,2004,NA,NA,1,0,195,49.4,14.8,77.7
ZAF,2005,0,no,0,1,201,49.4,14.4,78.8
ZAF,2006,NA,NA,NA,NA,201,48.7,13.9,79.2
ZAF,2007,NA,NA,NA,NA,199,46.6,13.4,75.3
ZAF,2008,NA,NA,NA,NA,191,43,13,68.9
ZAF,2009,NA,NA,NA,NA,179,38.4,12.5,60.3
ZAF,2010,NA,NA,NA,NA,171,34.4,12,52
ZAF,2011,1,no,NA,NA,161,32.1,11.6,45.6
ZAF,2012,NA,NA,NA,NA,143,31,11.3,41.5
ZAF,2013,NA,NA,NA,NA,133,30.1,11.1,39.3
ZAF,2014,NA,NA,0,1,128,29.4,11,37.6
ZAF,2015,NA,NA,1,0,125,28.6,11.1,36.3
ZAF,2016,0,no,NA,NA,122,28,11.1,35.2
ZAF,2017,3,no,1,0,119,27.6,11.1,34.6
ZAF,2018,NA,NA,NA,NA,NA,26.9,11,33.9
ZAF,2019,1,no,1,0,NA,26.3,10.8,33
ZMB,2000,NA,NA,NA,NA,528,90.2,34.3,155.9
ZMB,2001,1,no,NA,NA,491,85.3,33.3,146.9
ZMB,2002,7,no,NA,NA,465,79.2,31.9,136.1
ZMB,2003,NA,NA,NA,NA,453,73.2,30.5,125.4
ZMB,2004,NA,NA,NA,NA,437,67.1,29.1,115.2
ZMB,2005,NA,NA,1,0,421,61.9,27.9,106.2
ZMB,2006,NA,NA,NA,NA,406,58.4,27.1,98.5
ZMB,2007,NA,NA,NA,NA,387,56.7,26.6,93.2
ZMB,2008,NA,NA,NA,NA,356,54.5,26.3,88.7
ZMB,2009,NA,NA,NA,NA,329,52.9,26.1,83.6
ZMB,2010,NA,NA,NA,NA,305,51.2,26,79
ZMB,2011,NA,NA,NA,NA,283,50.1,25.8,76.8
ZMB,2012,NA,NA,NA,NA,267,49.1,25.6,74.7
ZMB,2013,NA,NA,NA,NA,254,46.6,25.5,71.1
ZMB,2014,NA,NA,NA,NA,242,46,25.4,68.3
ZMB,2015,NA,NA,NA,NA,232,46.9,25.3,67.7
ZMB,2016,NA,NA,NA,NA,222,45.6,25.2,65.3
ZMB,2017,NA,NA,NA,NA,213,44.3,25,64.6
ZMB,2018,NA,NA,NA,NA,NA,43.9,24.7,65.4
ZMB,2019,NA,NA,1,0,NA,42.9,24.4,64.1
ZWE,2000,1,no,NA,NA,579,51.9,24.6,95.5
ZWE,2001,NA,NA,1,0,629,51.1,25.2,93.8
ZWE,2002,0,no,NA,NA,666,50.7,26.1,92.6
ZWE,2003,NA,NA,NA,NA,680,50.4,27.2,91.6
ZWE,2004,0,no,NA,NA,686,51.2,28.2,92.4
ZWE,2005,NA,NA,NA,NA,685,51.7,29.1,93.1
ZWE,2006,NA,NA,NA,NA,680,53.4,30,95
ZWE,2007,NA,NA,1,0,671,54.6,30.7,95.7
ZWE,2008,0,no,NA,NA,657,54.5,31.2,94.5
ZWE,2009,253,yes,NA,NA,632,54,31.2,91.3
ZWE,2010,0,no,1,0,598,52.1,30.8,86.4
ZWE,2011,NA,NA,NA,NA,557,50.8,30.1,80.8
ZWE,2012,1,no,NA,NA,528,46.5,29.4,72.2
ZWE,2013,1,no,1,0,509,44.8,28.7,66.3
ZWE,2014,NA,NA,NA,NA,494,42.9,28.2,62.7
ZWE,2015,NA,NA,NA,NA,480,42.1,27.8,61.3
ZWE,2016,NA,NA,NA,NA,468,40.8,27.4,58.7
ZWE,2017,NA,NA,1,0,458,39.9,27,57
ZWE,2018,NA,NA,NA,NA,NA,38.8,26.6,54.8
ZWE,2019,4,no,NA,NA,NA,38.1,26.2,54.2
TWN,2002,NA,NA,0,1,NA,NA,NA,NA
SCG,2002,NA,NA,0,1,NA,NA,NA,NA
GLP,2004,NA,NA,0,1,NA,NA,NA,NA
TWN,2006,NA,NA,0,1,NA,NA,NA,NA
MTQ,2007,NA,NA,0,1,NA,NA,NA,NA
ASM,2009,NA,NA,0,1,NA,NA,NA,NA
TWN,2010,NA,NA,0,1,NA,NA,NA,NA
TUV,2011,NA,NA,1,0,NA,NA,NA,NA
TWN,2013,NA,NA,0,1,NA,NA,NA,NA
TWN,2013,NA,NA,0,1,NA,NA,NA,NA
TWN,2016,NA,NA,0,1,NA,NA,NA,NA
TWN,2018,NA,NA,0,1,NA,NA,NA,NA
PLW,2015,NA,NA,1,0,NA,NA,NA,NA
